/*
SQLyog Ultimate v13.1.1 (64 bit)
MySQL - 5.7.44-log : Database - salon
*********************************************************************
*/

/*!40101 SET NAMES utf8 */;

/*!40101 SET SQL_MODE=''*/;

/*!40014 SET @OLD_UNIQUE_CHECKS=@@UNIQUE_CHECKS, UNIQUE_CHECKS=0 */;
/*!40014 SET @OLD_FOREIGN_KEY_CHECKS=@@FOREIGN_KEY_CHECKS, FOREIGN_KEY_CHECKS=0 */;
/*!40101 SET @OLD_SQL_MODE=@@SQL_MODE, SQL_MODE='NO_AUTO_VALUE_ON_ZERO' */;
/*!40111 SET @OLD_SQL_NOTES=@@SQL_NOTES, SQL_NOTES=0 */;
CREATE DATABASE /*!32312 IF NOT EXISTS*/`salon` /*!40100 DEFAULT CHARACTER SET latin1 */;

USE `salon`;

/*Table structure for table `datalog` */

DROP TABLE IF EXISTS `datalog`;

CREATE TABLE `datalog` (
  `doc_no` mediumint(8) DEFAULT NULL,
  `rowno` mediumint(8) NOT NULL AUTO_INCREMENT,
  `dtype` varchar(255) DEFAULT NULL,
  `edate` datetime DEFAULT CURRENT_TIMESTAMP,
  `userid` int(11) DEFAULT NULL,
  `brhid` int(11) DEFAULT NULL,
  `entry` varchar(255) DEFAULT NULL,
  `docno` int(11) DEFAULT NULL,
  PRIMARY KEY (`rowno`)
) ENGINE=InnoDB AUTO_INCREMENT=831 DEFAULT CHARSET=latin1;

/*Data for the table `datalog` */

insert  into `datalog`(`doc_no`,`rowno`,`dtype`,`edate`,`userid`,`brhid`,`entry`,`docno`) values 
(30109,1,'ENQ','2023-10-15 19:16:07',1,1,'A',NULL),
(128,2,'QOT','2023-10-15 19:27:47',1,1,'A',NULL),
(82,3,'JBO','2023-10-15 19:31:04',1,1,'A',NULL),
(78,4,'INV','2023-10-15 19:47:11',1,1,'A',NULL),
(30110,5,'ENQ','2023-10-17 00:47:04',1,1,'A',NULL),
(129,6,'QOT','2023-10-17 01:15:59',1,1,'A',NULL),
(83,7,'JBO','2023-10-18 09:54:46',1,1,'A',NULL),
(83,8,'JBO','2023-10-20 07:24:16',1,1,'D',NULL),
(130,9,'QOT','2023-10-20 11:46:27',1,1,'A',NULL),
(131,10,'QOT','2023-10-22 09:47:44',1,1,'A',NULL),
(132,11,'QOT','2023-10-22 09:51:14',1,1,'A',NULL),
(84,12,'JBO','2023-10-22 10:13:48',1,1,'A',NULL),
(78,13,'INV','2023-10-23 10:37:59',1,1,'D',NULL),
(30111,14,'ENQ','2023-10-23 10:59:40',1,1,'A',NULL),
(133,15,'QOT','2023-10-23 11:01:04',1,1,'A',NULL),
(85,16,'JBO','2023-10-23 11:31:09',1,1,'A',NULL),
(30112,17,'ENQ','2023-10-24 22:45:29',1,1,'A',NULL),
(134,18,'QOT','2023-10-24 22:49:40',1,1,'A',NULL),
(86,19,'JBO','2023-10-24 22:57:47',1,1,'A',NULL),
(79,20,'INV','2023-10-25 00:30:28',1,1,'A',NULL),
(80,21,'INV','2023-10-25 00:48:55',1,1,'D',NULL),
(79,22,'INV','2023-10-25 01:10:24',1,1,'D',NULL),
(80,23,'INV','2023-10-25 01:15:23',1,1,'A',NULL),
(81,24,'INV','2023-10-25 01:17:02',1,1,'A',NULL),
(81,25,'INV','2023-10-25 01:22:06',1,1,'D',NULL),
(80,26,'INV','2023-10-25 01:25:33',1,1,'D',NULL),
(86,27,'JBO','2023-10-25 01:26:02',1,1,'D',NULL),
(85,28,'JBO','2023-10-25 01:26:18',1,1,'D',NULL),
(84,29,'JBO','2023-10-25 01:26:33',1,1,'D',NULL),
(82,30,'JBO','2023-10-25 01:26:55',1,1,'D',NULL),
(30112,31,'ENQ','2023-10-25 01:28:10',1,1,'D',NULL),
(30111,32,'ENQ','2023-10-25 01:28:24',1,1,'D',NULL),
(30110,33,'ENQ','2023-10-25 01:28:44',1,1,'D',NULL),
(30109,34,'ENQ','2023-10-25 01:28:57',1,1,'D',NULL),
(30113,35,'ENQ','2023-10-25 01:41:15',1,1,'A',NULL),
(135,36,'QOT','2023-10-25 01:42:20',1,1,'A',NULL),
(87,37,'JBO','2023-10-25 01:42:51',1,1,'A',NULL),
(82,38,'INV','2023-10-25 01:45:23',1,1,'A',NULL),
(82,39,'INV','2023-10-25 01:46:20',1,1,'D',NULL),
(87,40,'JBO','2023-10-25 01:46:28',1,1,'D',NULL),
(30113,41,'ENQ','2023-10-25 01:46:46',1,1,'D',NULL),
(30114,42,'ENQ','2023-10-26 18:22:23',1,1,'A',NULL),
(136,43,'QOT','2023-10-26 18:23:35',1,1,'A',NULL),
(88,44,'JBO','2023-10-26 18:25:00',1,1,'A',NULL),
(83,45,'INV','2023-10-26 18:27:09',1,1,'A',NULL),
(1,46,'RCT','2023-10-26 18:35:54',1,1,'A',NULL),
(52,47,'ACM','2023-10-27 21:45:55',1,1,'A',NULL),
(39,48,'CRM','2023-10-27 21:45:55',1,1,'A',NULL),
(30115,49,'ENQ','2023-10-27 21:45:55',1,1,'A',NULL),
(137,50,'QOT','2023-10-27 21:47:31',1,1,'A',NULL),
(89,51,'JBO','2023-10-27 21:48:18',1,1,'A',NULL),
(89,52,'JBO','2023-10-27 21:56:20',1,1,'E',NULL),
(84,53,'INV','2023-10-27 21:57:01',1,1,'A',NULL),
(84,54,'INV','2023-10-27 22:00:07',1,1,'E',NULL),
(30109,55,'ENQ','2023-10-27 22:30:31',1,1,'A',NULL),
(30110,56,'ENQ','2023-10-27 22:32:10',1,1,'A',NULL),
(30111,57,'ENQ','2023-10-27 22:33:05',1,1,'A',NULL),
(30112,58,'ENQ','2023-10-27 22:34:12',1,1,'A',NULL),
(30113,59,'ENQ','2023-10-27 22:34:55',1,1,'A',NULL),
(30114,60,'ENQ','2023-10-27 22:35:32',1,1,'A',NULL),
(30115,61,'ENQ','2023-10-27 22:36:41',1,1,'A',NULL),
(30116,62,'ENQ','2023-10-27 22:38:59',1,1,'A',NULL),
(53,63,'ACM','2023-10-27 22:40:32',1,1,'A',NULL),
(39,64,'CRM','2023-10-27 22:40:32',1,1,'A',NULL),
(30117,65,'ENQ','2023-10-27 22:40:32',1,1,'A',NULL),
(128,66,'QOT','2023-10-27 22:42:14',1,1,'A',NULL),
(129,67,'QOT','2023-10-27 22:43:12',1,1,'A',NULL),
(130,68,'QOT','2023-10-27 22:44:50',1,1,'A',NULL),
(131,69,'QOT','2023-10-27 22:45:37',1,1,'A',NULL),
(132,70,'QOT','2023-10-27 22:46:43',1,1,'A',NULL),
(133,71,'QOT','2023-10-27 22:47:50',1,1,'A',NULL),
(134,72,'QOT','2023-10-27 22:49:26',1,1,'A',NULL),
(82,73,'JBO','2023-10-27 23:12:42',1,1,'A',NULL),
(83,74,'JBO','2023-10-27 23:13:49',1,1,'A',NULL),
(84,75,'JBO','2023-10-27 23:14:25',1,1,'A',NULL),
(85,76,'JBO','2023-10-27 23:15:13',1,1,'A',NULL),
(86,77,'JBO','2023-10-27 23:15:49',1,1,'A',NULL),
(87,78,'JBO','2023-10-27 23:16:29',1,1,'A',NULL),
(88,79,'JBO','2023-10-27 23:17:04',1,1,'A',NULL),
(89,80,'JBO','2023-10-27 23:17:30',1,1,'A',NULL),
(90,81,'JBO','2023-10-27 23:18:36',1,1,'A',NULL),
(91,82,'JBO','2023-10-27 23:19:16',1,1,'A',NULL),
(92,83,'JBO','2023-10-27 23:20:00',1,1,'A',NULL),
(93,84,'JBO','2023-10-27 23:20:42',1,1,'A',NULL),
(78,85,'INV','2023-10-27 23:21:47',1,1,'A',NULL),
(79,86,'INV','2023-10-27 23:22:22',1,1,'A',NULL),
(80,87,'INV','2023-10-27 23:22:55',1,1,'A',NULL),
(81,88,'INV','2023-10-27 23:23:20',1,1,'A',NULL),
(82,89,'INV','2023-10-27 23:23:50',1,1,'A',NULL),
(83,90,'INV','2023-10-27 23:24:09',1,1,'A',NULL),
(84,91,'INV','2023-10-27 23:24:40',1,1,'A',NULL),
(85,92,'INV','2023-10-27 23:25:14',1,1,'A',NULL),
(86,93,'INV','2023-10-27 23:25:46',1,1,'A',NULL),
(87,94,'INV','2023-10-27 23:26:15',1,1,'A',NULL),
(88,95,'INV','2023-10-27 23:26:52',1,1,'A',NULL),
(89,96,'INV','2023-10-27 23:27:24',1,1,'A',NULL),
(135,97,'QOT','2023-10-27 22:35:22',1,1,'A',NULL),
(136,98,'QOT','2023-10-27 22:44:52',1,1,'A',NULL),
(59,99,'JBO','2023-10-27 23:12:43',1,1,'E',NULL),
(2,100,'RCT','2023-10-27 23:51:43',1,1,'A',NULL),
(3,101,'RCT','2023-10-27 23:53:28',1,1,'A',NULL),
(4,102,'RCT','2023-10-27 23:54:30',1,1,'A',NULL),
(5,103,'RCT','2023-10-27 23:56:56',1,1,'A',NULL),
(6,104,'RCT','2023-10-27 23:59:58',1,1,'A',NULL),
(7,105,'RCT','2023-10-28 00:01:33',1,1,'A',NULL),
(8,106,'RCT','2023-10-28 13:54:27',1,1,'A',NULL),
(9,107,'RCT','2023-10-28 13:55:59',1,1,'A',NULL),
(10,108,'RCT','2023-10-28 13:58:16',1,1,'A',NULL),
(1,109,'USR','2023-10-29 12:13:10',1,1,'E',NULL),
(1,110,'URL','2023-11-01 21:13:50',1,1,'E',NULL),
(30118,111,'ENQ','2023-11-07 15:20:46',1,1,'A',NULL),
(137,112,'QOT','2023-11-07 15:25:48',1,1,'A',NULL),
(137,113,'QOT','2023-11-07 15:38:56',1,1,'E',NULL),
(135,114,'QOT','2023-11-07 19:16:58',1,1,'E',NULL),
(54,118,'ACM','2023-11-08 11:47:46',1,1,'A',NULL),
(40,119,'CRM','2023-11-08 11:47:46',1,1,'A',NULL),
(30119,120,'ENQ','2023-11-08 11:47:46',1,1,'A',NULL),
(138,121,'QOT','2023-11-08 11:57:38',1,1,'A',NULL),
(138,122,'QOT','2023-11-08 11:59:23',1,1,'E',NULL),
(138,123,'QOT','2023-11-08 12:00:11',1,1,'E',NULL),
(138,124,'QOT','2023-11-08 12:01:17',1,1,'E',NULL),
(138,125,'QOT','2023-11-08 12:02:04',1,1,'E',NULL),
(81,126,'JOB','2023-11-10 13:34:09',1,1,'E',NULL),
(3,127,'USR','2023-11-10 13:45:40',1,1,'E',NULL),
(1,128,'URL','2023-11-10 13:55:52',3,1,'E',NULL),
(41,129,'ACM','2023-11-10 13:57:03',3,1,'E',NULL),
(28,130,'CRM','2023-11-10 13:57:03',3,1,'E',NULL),
(135,131,'QOT','2023-11-10 14:32:56',3,1,'E',NULL),
(135,132,'QOT','2023-11-10 14:33:55',3,1,'E',NULL),
(11,133,'RCT','2023-11-11 11:46:16',3,1,'A',NULL),
(12,134,'RCT','2023-11-11 11:53:58',3,1,'A',NULL),
(13,135,'RCT','2023-11-11 11:55:46',3,1,'A',NULL),
(137,136,'QOT','2023-11-12 19:02:51',3,1,'E',NULL),
(94,137,'JBO','2023-11-12 19:04:39',3,1,'A',NULL),
(89,138,'INV','2023-11-14 11:53:41',3,1,'A',NULL),
(30120,144,'ENQ','2023-11-21 15:05:03',1,1,'A',NULL),
(55,145,'ACM','2023-11-21 15:09:53',1,1,'A',NULL),
(41,146,'CRM','2023-11-21 15:09:53',1,1,'A',NULL),
(30121,147,'ENQ','2023-11-21 15:09:53',1,1,'A',NULL),
(83,148,'JOB','2023-11-21 15:15:22',1,1,'E',NULL),
(79,149,'INV','2023-11-21 15:21:27',1,1,'E',NULL),
(7,150,'RCT','2023-11-21 15:28:31',1,1,'E',NULL),
(30122,151,'ENQ','2023-11-23 16:55:56',1,1,'A',NULL),
(139,152,'QOT','2023-11-23 16:59:29',1,1,'A',NULL),
(139,153,'QOT','2023-11-23 17:03:18',1,1,'E',NULL),
(139,154,'QOT','2023-11-23 17:17:00',1,1,'E',NULL),
(140,155,'QOT','2023-11-24 11:12:45',1,1,'A',NULL),
(141,156,'QOT','2023-11-24 11:28:41',1,1,'A',NULL),
(95,157,'JBO','2023-11-24 11:32:25',1,1,'A',NULL),
(90,158,'INV','2023-11-24 11:35:09',1,1,'A',NULL),
(126,159,'QOT','2023-11-25 21:09:18',1,1,'E',NULL),
(79,160,'INV','2023-11-25 21:21:16',1,1,'E',NULL),
(139,161,'QOT','2023-11-26 15:19:41',1,1,'A',NULL),
(140,162,'QOT','2023-11-26 15:24:10',1,1,'A',NULL),
(141,163,'QOT','2023-11-26 15:26:29',1,1,'A',NULL),
(95,164,'JBO','2023-11-26 15:28:27',1,1,'A',NULL),
(96,165,'JBO','2023-11-26 15:29:11',1,1,'A',NULL),
(97,166,'JBO','2023-11-26 15:30:50',1,1,'A',NULL),
(90,167,'INV','2023-11-26 15:33:56',1,1,'A',NULL),
(91,168,'INV','2023-11-26 15:34:35',1,1,'A',NULL),
(92,169,'INV','2023-11-26 15:35:17',1,1,'A',NULL),
(93,170,'INV','2023-11-26 15:47:01',1,1,'A',NULL),
(94,171,'INV','2023-11-26 15:47:59',1,1,'A',NULL),
(93,172,'INV','2023-11-26 22:32:25',1,1,'E',NULL),
(30123,173,'ENQ','2023-12-11 20:58:26',1,1,'A',NULL),
(142,174,'QOT','2023-12-11 21:10:44',1,1,'A',NULL),
(42,175,'ACM','2023-12-12 19:38:32',1,1,'E',NULL),
(29,176,'CRM','2023-12-12 19:38:32',1,1,'E',NULL),
(30122,177,'ENQ','2023-12-12 19:39:16',1,1,'E',NULL),
(97,178,'JOB','2023-12-12 19:41:51',1,1,'E',NULL),
(43,179,'ACM','2023-12-12 19:49:36',1,1,'E',NULL),
(30,180,'CRM','2023-12-12 19:49:36',1,1,'E',NULL),
(14,181,'RCT','2023-12-12 20:44:29',1,1,'A',NULL),
(14,182,'RCT','2023-12-13 20:25:35',1,1,'D',NULL),
(15,183,'RCT','2023-12-13 20:26:36',1,1,'A',NULL),
(16,184,'RCT','2023-12-13 21:55:47',1,1,'A',NULL),
(17,185,'RCT','2023-12-13 21:58:23',1,1,'A',NULL),
(7,186,'RCT','2023-12-13 22:14:15',1,1,'D',NULL),
(18,187,'RCT','2023-12-13 22:19:47',1,1,'A',NULL),
(19,188,'RCT','2023-12-13 22:21:21',1,1,'A',NULL),
(20,189,'RCT','2023-12-13 22:22:35',1,1,'A',NULL),
(21,190,'RCT','2023-12-13 22:24:03',1,1,'A',NULL),
(22,191,'RCT','2023-12-13 22:25:16',1,1,'A',NULL),
(98,192,'JBO','2023-12-15 11:28:25',1,1,'A',NULL),
(95,193,'INV','2023-12-15 11:31:05',1,1,'A',NULL),
(30124,194,'ENQ','2023-12-20 18:32:05',1,1,'A',NULL),
(143,195,'QOT','2023-12-20 18:38:06',1,1,'A',NULL),
(30125,196,'ENQ','2024-01-08 15:26:49',1,1,'A',NULL),
(30126,197,'ENQ','2024-01-08 15:29:42',1,1,'A',NULL),
(30125,198,'ENQ','2024-01-08 15:30:37',1,1,'E',NULL),
(30127,199,'ENQ','2024-01-08 15:32:07',1,1,'A',NULL),
(99,200,'JBO','2024-01-08 15:36:51',1,1,'A',NULL),
(96,201,'INV','2024-01-08 15:38:04',1,1,'A',NULL),
(96,202,'INV','2024-01-08 15:41:03',1,1,'E',NULL),
(144,203,'QOT','2024-01-08 15:54:02',1,1,'A',NULL),
(145,204,'QOT','2024-01-08 15:58:16',1,1,'A',NULL),
(144,205,'QOT','2024-01-08 16:15:04',1,1,'E',NULL),
(144,206,'QOT','2024-01-08 16:28:19',1,1,'E',NULL),
(146,207,'QOT','2024-01-08 17:20:20',3,1,'A',NULL),
(146,208,'QOT','2024-01-08 17:24:54',3,1,'A',NULL),
(174,209,'EXP','2024-01-08 18:19:03',3,1,'A',NULL),
(175,210,'EXP','2024-01-08 18:25:04',3,1,'A',NULL),
(176,211,'EXP','2024-01-08 18:28:10',3,1,'A',NULL),
(100,212,'JBO','2024-01-12 11:01:24',3,1,'A',NULL),
(97,213,'INV','2024-01-12 11:03:58',3,1,'A',NULL),
(101,214,'JBO','2024-01-12 12:03:14',3,1,'A',NULL),
(98,215,'INV','2024-01-12 12:05:54',3,1,'A',NULL),
(30128,216,'ENQ','2024-01-12 12:16:05',3,1,'A',NULL),
(146,217,'QOT','2024-01-12 13:51:11',3,1,'A',NULL),
(102,218,'JBO','2024-01-16 11:40:35',3,1,'A',NULL),
(99,219,'INV','2024-01-16 11:41:48',3,1,'A',NULL),
(30129,220,'ENQ','2024-01-16 11:54:15',3,1,'A',NULL),
(147,221,'QOT','2024-01-16 11:58:17',3,1,'A',NULL),
(103,222,'JBO','2024-01-16 11:59:54',3,1,'A',NULL),
(100,223,'INV','2024-01-16 12:00:48',3,1,'A',NULL),
(30130,224,'ENQ','2024-01-20 19:18:53',3,1,'A',NULL),
(148,225,'QOT','2024-01-20 19:23:25',3,1,'A',NULL),
(148,226,'QOT','2024-01-22 18:08:12',3,1,'E',NULL),
(104,227,'JBO','2024-01-24 17:59:16',3,1,'A',NULL),
(101,228,'INV','2024-01-24 18:03:23',3,1,'A',NULL),
(23,229,'RCT','2024-01-25 13:12:02',3,1,'A',NULL),
(24,230,'RCT','2024-01-25 13:14:25',3,1,'A',NULL),
(25,231,'RCT','2024-01-25 13:17:48',3,1,'A',NULL),
(26,232,'RCT','2024-01-25 13:33:45',3,1,'A',NULL),
(27,233,'RCT','2024-01-26 12:45:55',3,1,'A',NULL),
(28,234,'RCT','2024-01-26 13:20:28',3,1,'A',NULL),
(29,235,'RCT','2024-01-26 13:27:38',3,1,'A',NULL),
(30,236,'RCT','2024-01-26 13:33:25',3,1,'A',NULL),
(30,237,'RCT','2024-01-26 13:34:07',3,1,'D',NULL),
(31,238,'RCT','2024-01-30 21:32:33',1,1,'A',NULL),
(31,239,'RCT','2024-01-30 21:51:24',1,1,'D',NULL),
(32,240,'RCT','2024-01-30 21:56:19',1,1,'A',NULL),
(33,241,'RCT','2024-01-30 21:59:11',1,1,'A',NULL),
(27,242,'RCT','2024-01-30 22:03:43',1,1,'D',NULL),
(34,243,'RCT','2024-01-30 22:07:18',1,1,'A',NULL),
(149,244,'QOT','2024-01-31 15:03:03',3,1,'A',NULL),
(35,245,'RCT','2024-02-01 13:47:05',3,1,'A',NULL),
(36,246,'RCT','2024-02-01 13:50:19',3,1,'A',NULL),
(37,247,'RCT','2024-02-01 13:53:08',3,1,'A',NULL),
(38,248,'RCT','2024-02-01 13:54:51',3,1,'A',NULL),
(177,249,'EXP','2024-02-02 12:11:41',3,1,'A',NULL),
(39,250,'RCT','2024-02-06 13:05:04',3,1,'A',NULL),
(30131,251,'ENQ','2024-02-08 11:43:20',3,1,'A',NULL),
(30132,252,'ENQ','2024-02-08 11:44:33',3,1,'A',NULL),
(150,253,'QOT','2024-02-13 11:20:07',3,1,'A',NULL),
(151,254,'QOT','2024-02-13 11:24:30',3,1,'A',NULL),
(105,255,'JBO','2024-02-14 12:50:12',3,1,'A',NULL),
(106,256,'JBO','2024-02-14 12:52:24',3,1,'A',NULL),
(102,257,'INV','2024-02-14 12:59:58',3,1,'A',NULL),
(103,258,'INV','2024-02-14 13:02:10',3,1,'A',NULL),
(30133,259,'ENQ','2024-02-14 13:23:15',3,1,'A',NULL),
(30133,260,'ENQ','2024-02-14 13:24:29',3,1,'E',NULL),
(152,261,'QOT','2024-02-14 13:34:00',3,1,'A',NULL),
(152,262,'QOT','2024-02-15 10:49:31',3,1,'E',NULL),
(107,263,'JBO','2024-02-15 10:51:16',3,1,'A',NULL),
(104,264,'INV','2024-02-15 10:56:28',3,1,'A',NULL),
(30134,265,'ENQ','2024-02-19 11:42:57',3,1,'A',NULL),
(153,266,'QOT','2024-02-19 11:49:38',3,1,'A',NULL),
(30135,267,'ENQ','2024-02-21 13:21:21',3,1,'A',NULL),
(154,268,'QOT','2024-02-21 13:25:17',3,1,'A',NULL),
(40,269,'RCT','2024-02-21 13:45:59',3,1,'A',NULL),
(41,270,'RCT','2024-02-21 15:15:51',3,1,'A',NULL),
(42,271,'RCT','2024-02-21 15:17:51',3,1,'A',NULL),
(43,272,'RCT','2024-02-27 15:00:47',3,1,'A',NULL),
(44,273,'RCT','2024-02-27 15:01:53',3,1,'A',NULL),
(153,274,'QOT','2024-02-28 21:21:05',3,1,'E',NULL),
(149,275,'QOT','2024-02-28 21:28:08',3,1,'E',NULL),
(108,276,'JBO','2024-02-28 22:12:24',3,1,'A',NULL),
(105,277,'INV','2024-02-28 22:20:09',3,1,'A',NULL),
(109,278,'JBO','2024-02-28 22:25:08',3,1,'A',NULL),
(106,279,'INV','2024-02-28 22:28:06',3,1,'A',NULL),
(110,280,'JBO','2024-03-01 12:37:50',3,1,'A',NULL),
(178,281,'EXP','2024-03-04 12:09:42',3,1,'A',NULL),
(179,282,'EXP','2024-03-04 12:13:27',3,1,'A',NULL),
(107,283,'INV','2024-03-05 13:20:31',3,1,'A',NULL),
(180,284,'EXP','2024-03-05 13:28:22',3,1,'A',NULL),
(181,285,'EXP','2024-03-06 12:21:52',3,1,'A',NULL),
(182,286,'EXP','2024-03-06 12:27:41',3,1,'A',NULL),
(183,287,'EXP','2024-03-06 12:33:45',3,1,'A',NULL),
(184,288,'EXP','2024-03-06 13:03:19',3,1,'A',NULL),
(185,289,'EXP','2024-03-06 13:07:36',3,1,'A',NULL),
(186,290,'EXP','2024-03-06 13:16:27',3,1,'A',NULL),
(187,291,'EXP','2024-03-06 13:19:40',3,1,'A',NULL),
(188,292,'EXP','2024-03-06 13:25:31',3,1,'A',NULL),
(189,293,'EXP','2024-03-06 13:29:43',3,1,'A',NULL),
(190,294,'EXP','2024-03-06 13:37:18',3,1,'A',NULL),
(191,295,'EXP','2024-03-06 13:40:37',3,1,'A',NULL),
(192,296,'EXP','2024-03-06 13:45:53',3,1,'A',NULL),
(193,297,'EXP','2024-03-06 13:48:38',3,1,'A',NULL),
(194,298,'EXP','2024-03-06 13:50:33',3,1,'A',NULL),
(195,299,'EXP','2024-03-06 13:54:28',3,1,'A',NULL),
(196,300,'EXP','2024-03-06 13:57:04',3,1,'A',NULL),
(197,301,'EXP','2024-03-06 14:02:40',3,1,'A',NULL),
(198,302,'EXP','2024-03-06 14:05:39',3,1,'A',NULL),
(199,303,'EXP','2024-03-06 14:09:07',3,1,'A',NULL),
(200,304,'EXP','2024-03-06 14:11:52',3,1,'A',NULL),
(201,305,'EXP','2024-03-06 14:14:07',3,1,'A',NULL),
(202,306,'EXP','2024-03-06 14:17:04',3,1,'A',NULL),
(203,307,'EXP','2024-03-06 14:19:00',3,1,'A',NULL),
(204,311,'EXP','2024-03-06 14:22:50',3,1,'A',NULL),
(205,312,'EXP','2024-03-06 14:24:59',3,1,'A',NULL),
(206,313,'EXP','2024-03-06 14:27:39',3,1,'A',NULL),
(207,314,'EXP','2024-03-06 14:30:25',3,1,'A',NULL),
(208,315,'EXP','2024-03-06 14:32:33',3,1,'A',NULL),
(209,316,'EXP','2024-03-06 14:34:11',3,1,'A',NULL),
(210,317,'EXP','2024-03-06 14:36:47',3,1,'A',NULL),
(211,318,'EXP','2024-03-06 14:39:05',3,1,'A',NULL),
(212,319,'EXP','2024-03-06 14:40:43',3,1,'A',NULL),
(213,320,'EXP','2024-03-06 14:43:59',3,1,'A',NULL),
(214,321,'EXP','2024-03-06 14:46:06',3,1,'A',NULL),
(215,322,'EXP','2024-03-06 14:48:20',3,1,'A',NULL),
(216,323,'EXP','2024-03-06 14:51:07',3,1,'A',NULL),
(217,324,'EXP','2024-03-06 14:54:38',3,1,'A',NULL),
(218,325,'EXP','2024-03-06 14:58:26',3,1,'A',NULL),
(219,326,'EXP','2024-03-06 15:01:09',3,1,'A',NULL),
(220,327,'EXP','2024-03-06 15:28:09',3,1,'A',NULL),
(221,328,'EXP','2024-03-06 15:30:30',3,1,'A',NULL),
(222,329,'EXP','2024-03-06 15:34:06',3,1,'A',NULL),
(223,330,'EXP','2024-03-06 15:41:25',3,1,'A',NULL),
(224,331,'EXP','2024-03-06 15:48:20',3,1,'A',NULL),
(225,332,'EXP','2024-03-06 15:52:58',3,1,'A',NULL),
(226,333,'EXP','2024-03-06 15:58:19',3,1,'A',NULL),
(227,334,'EXP','2024-03-06 16:00:22',3,1,'A',NULL),
(228,335,'EXP','2024-03-06 16:02:53',3,1,'A',NULL),
(229,336,'EXP','2024-03-06 16:13:06',3,1,'A',NULL),
(230,337,'EXP','2024-03-06 16:15:35',3,1,'A',NULL),
(231,338,'EXP','2024-03-06 16:18:43',3,1,'A',NULL),
(232,339,'EXP','2024-03-06 16:21:29',3,1,'A',NULL),
(233,340,'EXP','2024-03-06 16:24:11',3,1,'A',NULL),
(234,341,'EXP','2024-03-06 16:26:52',3,1,'A',NULL),
(235,342,'EXP','2024-03-06 16:29:24',3,1,'A',NULL),
(236,343,'EXP','2024-03-06 16:32:51',3,1,'A',NULL),
(237,344,'EXP','2024-03-06 16:35:54',3,1,'A',NULL),
(238,345,'EXP','2024-03-06 16:39:10',3,1,'A',NULL),
(239,347,'EXP','2024-03-06 16:43:09',3,1,'A',NULL),
(240,348,'EXP','2024-03-08 13:01:10',3,1,'A',NULL),
(241,349,'EXP','2024-03-08 13:05:58',3,1,'A',NULL),
(242,350,'EXP','2024-03-08 13:09:39',3,1,'A',NULL),
(243,351,'EXP','2024-03-08 13:14:10',3,1,'A',NULL),
(244,352,'EXP','2024-03-08 13:16:54',3,1,'A',NULL),
(245,353,'EXP','2024-03-08 13:21:23',3,1,'A',NULL),
(246,354,'EXP','2024-03-08 13:25:12',3,1,'A',NULL),
(205,358,'EXP','2024-03-13 11:33:42',3,1,'E',NULL),
(228,359,'EXP','2024-03-13 11:39:31',3,1,'E',NULL),
(3,360,'ACM','2024-03-13 11:56:46',3,1,'E',NULL),
(1,361,'ACM','2024-03-13 11:58:54',3,1,'E',NULL),
(2,362,'ACM','2024-03-13 12:00:42',3,1,'E',NULL),
(4,363,'ACM','2024-03-13 12:03:14',3,1,'E',NULL),
(3,364,'ACM','2024-03-13 12:05:01',3,1,'E',NULL),
(5,365,'ACM','2024-03-13 12:13:57',3,1,'E',NULL),
(6,366,'ACM','2024-03-13 12:14:53',3,1,'E',NULL),
(7,367,'ACM','2024-03-13 12:16:56',3,1,'E',NULL),
(8,368,'ACM','2024-03-13 12:19:02',3,1,'E',NULL),
(9,369,'ACM','2024-03-13 12:21:53',3,1,'E',NULL),
(10,370,'ACM','2024-03-13 12:23:12',3,1,'E',NULL),
(11,371,'ACM','2024-03-14 16:08:58',3,1,'E',NULL),
(11,372,'ACM','2024-03-14 16:13:33',3,1,'E',NULL),
(30136,373,'ENQ','2024-03-25 08:21:49',3,1,'A',NULL),
(155,374,'QOT','2024-03-25 08:25:41',3,1,'A',NULL),
(155,375,'QOT','2024-03-25 08:27:49',3,1,'E',NULL),
(56,382,'ACM','2024-03-25 10:07:06',3,1,'A',NULL),
(42,383,'CRM','2024-03-25 10:07:06',3,1,'A',NULL),
(30137,384,'ENQ','2024-03-25 10:07:06',3,1,'A',NULL),
(30138,385,'ENQ','2024-03-25 14:13:59',3,1,'A',NULL),
(156,386,'QOT','2024-03-25 15:29:33',3,1,'A',NULL),
(111,387,'JBO','2024-03-26 13:53:35',3,1,'A',NULL),
(45,388,'RCT','2024-03-26 13:59:44',3,1,'A',NULL),
(46,389,'RCT','2024-03-26 14:02:16',3,1,'A',NULL),
(247,390,'EXP','2024-03-26 15:32:56',3,1,'A',NULL),
(112,391,'JBO','2024-03-28 15:04:56',3,1,'A',NULL),
(108,392,'INV','2024-03-28 15:06:10',3,1,'A',NULL),
(30139,393,'ENQ','2024-04-17 08:48:29',3,1,'A',NULL),
(109,394,'INV','2024-04-22 12:16:47',3,1,'A',NULL),
(157,395,'QOT','2024-04-22 23:05:22',3,1,'A',NULL),
(157,396,'QOT','2024-04-22 23:07:57',3,1,'E',NULL),
(30140,397,'ENQ','2024-04-24 14:27:35',3,1,'A',NULL),
(30140,398,'ENQ','2024-04-24 14:32:37',3,1,'E',NULL),
(30140,399,'ENQ','2024-04-24 14:35:10',3,1,'E',NULL),
(57,400,'ACM','2024-04-24 14:40:29',3,1,'A',NULL),
(43,401,'CRM','2024-04-24 14:40:29',3,1,'A',NULL),
(30141,402,'ENQ','2024-04-24 14:40:29',3,1,'A',NULL),
(158,403,'QOT','2024-04-24 15:10:18',3,1,'A',NULL),
(113,404,'JBO','2024-04-24 15:14:54',3,1,'A',NULL),
(110,405,'INV','2024-04-24 15:16:39',3,1,'A',NULL),
(30142,406,'ENQ','2024-04-24 16:04:24',3,1,'A',NULL),
(159,407,'QOT','2024-04-24 16:07:10',3,1,'A',NULL),
(114,408,'JBO','2024-04-25 15:44:57',3,1,'A',NULL),
(111,409,'INV','2024-04-26 15:43:27',3,1,'A',NULL),
(47,410,'RCT','2024-04-30 12:52:17',3,1,'A',NULL),
(48,411,'RCT','2024-04-30 12:53:54',3,1,'A',NULL),
(248,412,'EXP','2024-04-30 13:17:19',3,1,'A',NULL),
(249,413,'EXP','2024-04-30 13:22:25',3,1,'A',NULL),
(250,414,'EXP','2024-04-30 13:34:56',3,1,'A',NULL),
(251,415,'EXP','2024-04-30 14:26:12',0,1,'A',NULL),
(252,416,'EXP','2024-04-30 14:29:08',0,1,'A',NULL),
(2,417,'URL','2024-05-06 13:40:34',1,1,'A',NULL),
(4,418,'USR','2024-05-06 13:41:53',1,1,'A',NULL),
(253,419,'EXP','2024-05-07 15:49:21',0,1,'A',NULL),
(254,420,'EXP','2024-05-07 15:51:23',0,1,'A',NULL),
(254,421,'EXP','2024-05-07 15:51:46',0,1,'E',NULL),
(255,422,'EXP','2024-05-07 16:05:31',0,1,'A',NULL),
(256,423,'EXP','2024-05-07 16:07:36',0,1,'A',NULL),
(257,424,'EXP','2024-05-07 16:26:20',0,1,'A',NULL),
(258,425,'EXP','2024-05-07 16:28:21',0,1,'A',NULL),
(259,426,'EXP','2024-05-07 16:30:19',0,1,'A',NULL),
(260,427,'EXP','2024-05-07 16:33:13',0,1,'A',NULL),
(261,428,'EXP','2024-05-07 16:35:04',0,1,'A',NULL),
(262,429,'EXP','2024-05-07 16:39:49',0,1,'A',NULL),
(263,430,'EXP','2024-05-07 16:43:56',0,1,'A',NULL),
(264,431,'EXP','2024-05-07 16:47:47',0,1,'A',NULL),
(265,432,'EXP','2024-05-07 16:49:30',0,1,'A',NULL),
(266,433,'EXP','2024-05-07 16:54:00',0,1,'A',NULL),
(267,434,'EXP','2024-05-07 16:55:05',0,1,'A',NULL),
(268,435,'EXP','2024-05-07 16:58:39',0,1,'A',NULL),
(268,436,'EXP','2024-05-07 16:59:20',0,1,'E',NULL),
(269,437,'EXP','2024-05-07 17:01:57',0,1,'A',NULL),
(270,438,'EXP','2024-05-07 17:03:13',0,1,'A',NULL),
(271,439,'EXP','2024-05-07 17:06:48',0,1,'A',NULL),
(272,440,'EXP','2024-05-07 17:08:40',0,1,'A',NULL),
(273,441,'EXP','2024-05-08 10:55:07',4,1,'A',NULL),
(274,442,'EXP','2024-05-08 11:17:16',3,1,'A',NULL),
(274,443,'EXP','2024-05-08 11:20:34',3,1,'E',NULL),
(275,444,'EXP','2024-05-08 11:45:59',4,1,'A',NULL),
(276,445,'EXP','2024-05-08 11:46:54',4,1,'A',NULL),
(58,446,'ACM','2024-05-12 18:55:49',3,1,'A',NULL),
(44,447,'CRM','2024-05-12 18:55:49',3,1,'A',NULL),
(30143,448,'ENQ','2024-05-12 18:55:49',3,1,'A',NULL),
(160,449,'QOT','2024-05-12 18:59:35',3,1,'A',NULL),
(30141,450,'ENQ','2024-05-13 13:11:32',3,1,'E',NULL),
(161,451,'QOT','2024-05-13 13:15:02',3,1,'A',NULL),
(30141,452,'ENQ','2024-05-13 13:17:07',3,1,'E',NULL),
(30141,453,'ENQ','2024-05-13 13:18:50',3,1,'E',NULL),
(161,454,'QOT','2024-05-13 13:20:11',3,1,'E',NULL),
(30141,455,'ENQ','2024-05-13 13:21:17',3,1,'D',NULL),
(59,456,'ACM','2024-05-13 13:23:47',3,1,'A',NULL),
(45,457,'CRM','2024-05-13 13:23:47',3,1,'A',NULL),
(30144,458,'ENQ','2024-05-13 13:23:47',3,1,'A',NULL),
(162,459,'QOT','2024-05-13 13:25:51',3,1,'A',NULL),
(162,460,'QOT','2024-05-13 13:27:38',3,1,'E',NULL),
(162,461,'QOT','2024-05-13 14:50:37',0,1,'E',NULL),
(49,462,'RCT','2024-05-14 15:36:54',3,1,'A',NULL),
(50,463,'RCT','2024-05-14 15:38:38',3,1,'A',NULL),
(254,464,'EXP','2024-05-14 15:41:23',4,1,'E',NULL),
(115,465,'JBO','2024-05-14 15:41:25',3,1,'A',NULL),
(252,466,'EXP','2024-05-14 15:44:33',4,1,'E',NULL),
(251,467,'EXP','2024-05-14 15:47:09',4,1,'E',NULL),
(254,468,'EXP','2024-05-14 15:49:00',4,1,'E',NULL),
(277,469,'EXP','2024-05-14 15:52:50',4,1,'A',NULL),
(112,470,'INV','2024-05-14 17:12:25',1,1,'A',NULL),
(116,471,'JBO','2024-05-15 10:48:41',3,1,'A',NULL),
(30145,472,'ENQ','2024-05-15 10:50:04',3,1,'A',NULL),
(163,473,'QOT','2024-05-15 10:52:51',3,1,'A',NULL),
(113,474,'INV','2024-05-15 10:56:03',3,1,'A',NULL),
(30146,475,'ENQ','2024-05-15 11:38:08',3,1,'A',NULL),
(164,476,'QOT','2024-05-15 11:53:51',3,1,'A',NULL),
(117,477,'JBO','2024-05-16 11:06:12',3,1,'A',NULL),
(114,478,'INV','2024-05-16 11:49:54',3,1,'A',NULL),
(114,479,'INV','2024-05-16 11:51:53',3,1,'E',NULL),
(30146,480,'ENQ','2024-05-16 11:53:24',3,1,'E',NULL),
(114,481,'INV','2024-05-16 11:54:12',3,1,'E',NULL),
(278,482,'EXP','2024-05-16 11:56:17',4,1,'A',NULL),
(279,483,'EXP','2024-05-16 15:30:19',0,1,'A',NULL),
(118,484,'JBO','2024-05-17 13:02:21',3,1,'A',NULL),
(115,485,'INV','2024-05-17 13:03:41',3,1,'A',NULL),
(51,486,'RCT','2024-05-17 15:17:28',3,1,'A',NULL),
(52,487,'RCT','2024-05-23 17:26:34',3,1,'A',NULL),
(280,488,'EXP','2024-05-27 11:35:08',4,1,'A',NULL),
(281,489,'EXP','2024-05-27 11:36:52',4,1,'A',NULL),
(282,490,'EXP','2024-05-27 11:39:02',4,1,'A',NULL),
(283,491,'EXP','2024-05-27 11:41:13',4,1,'A',NULL),
(60,492,'ACM','2024-05-28 12:35:35',3,1,'A',NULL),
(46,493,'CRM','2024-05-28 12:35:35',3,1,'A',NULL),
(30147,494,'ENQ','2024-05-28 12:35:35',3,1,'A',NULL),
(30148,495,'ENQ','2024-05-28 12:44:45',3,1,'A',NULL),
(30149,496,'ENQ','2024-05-28 12:45:41',3,1,'A',NULL),
(165,497,'QOT','2024-05-28 12:48:52',3,1,'A',NULL),
(165,498,'QOT','2024-05-28 12:49:56',3,1,'E',NULL),
(166,499,'QOT','2024-05-28 12:53:48',3,1,'A',NULL),
(30150,500,'ENQ','2024-05-29 10:35:09',3,1,'A',NULL),
(167,501,'QOT','2024-05-29 10:39:17',3,1,'A',NULL),
(284,502,'EXP','2024-05-30 11:21:02',4,1,'A',NULL),
(119,503,'JBO','2024-05-30 11:42:27',3,1,'A',NULL),
(285,504,'EXP','2024-05-30 11:51:55',4,1,'A',NULL),
(120,505,'JBO','2024-05-30 11:56:45',3,1,'A',NULL),
(116,506,'INV','2024-05-30 12:07:59',3,1,'A',NULL),
(117,507,'INV','2024-05-30 12:10:16',3,1,'A',NULL),
(285,508,'EXP','2024-05-30 14:12:28',4,1,'E',NULL),
(286,509,'EXP','2024-05-30 14:42:55',4,1,'A',NULL),
(168,510,'QOT','2024-05-30 15:41:47',3,1,'A',NULL),
(275,511,'EXP','2024-05-31 15:14:32',4,1,'E',NULL),
(276,512,'EXP','2024-05-31 15:15:16',4,1,'E',NULL),
(287,513,'EXP','2024-05-31 15:18:30',4,1,'A',NULL),
(287,514,'EXP','2024-05-31 15:25:31',4,1,'E',NULL),
(276,515,'EXP','2024-05-31 16:18:34',4,1,'E',NULL),
(275,516,'EXP','2024-05-31 16:18:59',4,1,'E',NULL),
(256,517,'EXP','2024-05-31 16:19:28',4,1,'E',NULL),
(256,518,'EXP','2024-05-31 16:22:30',4,1,'E',NULL),
(256,519,'EXP','2024-05-31 16:22:52',4,1,'E',NULL),
(275,520,'EXP','2024-05-31 16:23:32',4,1,'E',NULL),
(276,521,'EXP','2024-05-31 16:24:26',4,1,'E',NULL),
(287,522,'EXP','2024-05-31 16:24:55',4,1,'E',NULL),
(121,523,'JBO','2024-06-03 12:12:57',3,1,'A',NULL),
(122,524,'JBO','2024-06-03 12:16:27',3,1,'A',NULL),
(118,525,'INV','2024-06-03 12:20:30',3,1,'A',NULL),
(30147,526,'ENQ','2024-06-03 12:31:08',3,1,'E',NULL),
(118,527,'INV','2024-06-03 12:32:55',3,1,'E',NULL),
(118,528,'INV','2024-06-03 12:33:30',3,1,'D',NULL),
(119,529,'INV','2024-06-03 12:35:26',3,1,'A',NULL),
(288,530,'EXP','2024-06-03 12:38:59',4,1,'A',NULL),
(30151,531,'ENQ','2024-06-03 13:09:32',3,1,'A',NULL),
(169,532,'QOT','2024-06-03 13:16:48',3,1,'A',NULL),
(123,533,'JBO','2024-06-03 13:18:18',3,1,'A',NULL),
(120,534,'INV','2024-06-03 13:21:23',3,1,'A',NULL),
(289,535,'EXP','2024-06-07 11:11:02',4,1,'A',NULL),
(290,536,'EXP','2024-06-07 11:13:06',4,1,'A',NULL),
(61,537,'ACM','2024-06-07 13:12:07',3,1,'A',NULL),
(291,538,'EXP','2024-06-07 14:21:57',0,1,'A',NULL),
(292,539,'EXP','2024-06-07 14:24:04',0,1,'A',NULL),
(293,540,'EXP','2024-06-07 14:26:53',0,1,'A',NULL),
(294,541,'EXP','2024-06-07 14:29:56',0,1,'A',NULL),
(295,542,'EXP','2024-06-07 14:34:15',0,1,'A',NULL),
(296,543,'EXP','2024-06-07 14:36:15',0,1,'A',NULL),
(297,544,'EXP','2024-06-07 14:40:36',0,1,'A',NULL),
(298,545,'EXP','2024-06-07 14:43:19',0,1,'A',NULL),
(299,546,'EXP','2024-06-07 14:47:11',0,1,'A',NULL),
(300,547,'EXP','2024-06-07 14:49:43',0,1,'A',NULL),
(301,548,'EXP','2024-06-07 14:56:02',0,1,'A',NULL),
(302,549,'EXP','2024-06-07 14:58:42',0,1,'A',NULL),
(303,550,'EXP','2024-06-07 15:20:35',0,1,'A',NULL),
(304,551,'EXP','2024-06-07 15:23:08',0,1,'A',NULL),
(53,552,'RCT','2024-06-10 14:29:41',3,1,'A',NULL),
(54,553,'RCT','2024-06-10 14:31:37',3,1,'A',NULL),
(55,554,'RCT','2024-06-10 14:39:10',3,1,'A',NULL),
(255,555,'EXP','2024-06-10 16:44:51',4,1,'E',NULL),
(305,556,'EXP','2024-06-10 17:30:28',3,1,'A',NULL),
(306,557,'EXP','2024-06-10 17:31:35',3,1,'A',NULL),
(195,558,'EXP','2024-06-10 17:39:40',3,1,'D',NULL),
(305,559,'EXP','2024-06-10 17:40:02',3,1,'D',NULL),
(306,560,'EXP','2024-06-10 17:40:18',3,1,'D',NULL),
(307,561,'EXP','2024-06-10 17:47:32',4,1,'A',NULL),
(194,562,'EXP','2024-06-10 17:49:17',4,1,'E',NULL),
(197,563,'EXP','2024-06-10 17:52:47',4,1,'E',NULL),
(203,564,'EXP','2024-06-10 18:02:16',4,1,'E',NULL),
(119,565,'INV','2024-06-10 22:49:43',1,1,'D',NULL),
(122,566,'JBO','2024-06-10 22:50:16',1,1,'D',NULL),
(30152,567,'ENQ','2024-06-13 14:54:37',3,1,'A',NULL),
(170,568,'QOT','2024-06-13 14:59:17',3,1,'A',NULL),
(308,569,'EXP','2024-06-13 16:24:35',4,1,'A',NULL),
(308,570,'EXP','2024-06-13 16:25:45',4,1,'E',NULL),
(309,571,'EXP','2024-06-13 16:29:59',4,1,'A',NULL),
(310,572,'EXP','2024-06-14 12:25:47',4,1,'A',NULL),
(311,573,'EXP','2024-06-14 13:43:28',4,1,'A',NULL),
(312,574,'EXP','2024-06-14 13:46:34',4,1,'A',NULL),
(313,575,'EXP','2024-06-14 13:48:17',4,1,'A',NULL),
(314,576,'EXP','2024-06-14 13:51:33',4,1,'A',NULL),
(315,577,'EXP','2024-06-14 13:54:12',4,1,'A',NULL),
(56,578,'RCT','2024-06-15 12:29:49',3,1,'A',NULL),
(56,579,'RCT','2024-06-15 12:31:50',3,1,'D',NULL),
(316,580,'EXP','2024-06-15 12:32:11',4,1,'A',NULL),
(57,581,'RCT','2024-06-15 12:34:42',3,1,'A',NULL),
(49,582,'RCT','2024-06-15 12:39:58',3,1,'E',NULL),
(317,583,'EXP','2024-06-20 11:55:53',4,1,'A',NULL),
(30153,584,'ENQ','2024-06-20 12:06:22',3,1,'A',NULL),
(171,585,'QOT','2024-06-20 12:09:14',3,1,'A',NULL),
(124,586,'JBO','2024-06-20 13:37:24',3,1,'A',NULL),
(121,587,'INV','2024-06-20 13:39:18',3,1,'A',NULL),
(318,588,'EXP','2024-06-20 14:52:51',0,1,'A',NULL),
(259,589,'EXP','2024-06-22 11:58:42',4,1,'E',NULL),
(257,590,'EXP','2024-06-22 12:01:58',4,1,'E',NULL),
(279,591,'EXP','2024-06-22 12:35:02',4,1,'E',NULL),
(278,592,'EXP','2024-06-22 12:41:08',4,1,'E',NULL),
(263,593,'EXP','2024-06-22 12:41:34',4,1,'E',NULL),
(271,594,'EXP','2024-06-22 12:48:54',4,1,'E',NULL),
(271,595,'EXP','2024-06-22 12:51:55',4,1,'E',NULL),
(271,596,'EXP','2024-06-22 13:17:22',4,1,'E',NULL),
(246,597,'EXP','2024-06-22 13:18:31',4,1,'E',NULL),
(245,598,'EXP','2024-06-22 13:18:55',4,1,'E',NULL),
(245,599,'EXP','2024-06-22 13:19:05',4,1,'E',NULL),
(244,600,'EXP','2024-06-22 13:19:36',4,1,'E',NULL),
(147,601,'EXP','2024-06-22 13:21:44',4,1,'E',NULL),
(197,602,'EXP','2024-06-22 14:16:58',0,1,'E',NULL),
(203,603,'EXP','2024-06-22 14:19:45',0,1,'E',NULL),
(197,604,'EXP','2024-06-22 14:20:26',0,1,'E',NULL),
(197,605,'EXP','2024-06-22 14:21:05',0,1,'E',NULL),
(197,606,'EXP','2024-06-22 14:21:59',0,1,'E',NULL),
(197,607,'EXP','2024-06-22 15:44:51',0,1,'E',NULL),
(197,608,'EXP','2024-06-22 15:57:28',3,1,'E',NULL),
(58,609,'RCT','2024-06-24 14:47:40',3,1,'A',NULL),
(59,610,'RCT','2024-06-24 14:49:58',3,1,'A',NULL),
(62,611,'ACM','2024-06-25 17:49:39',3,1,'A',NULL),
(47,612,'CRM','2024-06-25 17:49:39',3,1,'A',NULL),
(30154,613,'ENQ','2024-06-25 17:49:39',3,1,'A',NULL),
(172,614,'QOT','2024-06-25 17:55:42',3,1,'A',NULL),
(30155,615,'ENQ','2024-06-25 19:18:09',3,1,'A',NULL),
(173,616,'QOT','2024-06-25 19:26:48',3,1,'A',NULL),
(319,617,'EXP','2024-06-26 12:55:21',4,1,'A',NULL),
(172,618,'QOT','2024-06-26 12:57:29',3,1,'E',NULL),
(125,619,'JBO','2024-06-26 12:59:34',3,1,'A',NULL),
(122,620,'INV','2024-06-26 13:00:31',3,1,'A',NULL),
(320,621,'EXP','2024-06-27 12:18:17',4,1,'A',NULL),
(321,622,'EXP','2024-06-27 14:25:38',4,1,'A',NULL),
(322,623,'EXP','2024-06-27 14:37:19',4,1,'A',NULL),
(323,624,'EXP','2024-07-01 15:50:53',4,1,'A',NULL),
(324,625,'EXP','2024-07-01 15:52:32',4,1,'A',NULL),
(325,626,'EXP','2024-07-01 15:53:55',4,1,'A',NULL),
(60,627,'RCT','2024-07-02 13:27:45',3,1,'A',NULL),
(61,628,'RCT','2024-07-02 13:34:29',3,1,'A',NULL),
(126,629,'JBO','2024-07-03 11:34:56',3,1,'A',NULL),
(123,630,'INV','2024-07-03 11:39:59',3,1,'A',NULL),
(123,631,'INV','2024-07-03 11:41:13',3,1,'E',NULL),
(326,632,'EXP','2024-07-03 13:43:07',4,1,'A',NULL),
(327,633,'EXP','2024-07-05 12:14:30',4,1,'A',NULL),
(328,634,'EXP','2024-07-06 17:00:57',0,1,'A',NULL),
(329,635,'EXP','2024-07-08 11:03:49',4,1,'A',NULL),
(330,636,'EXP','2024-07-08 11:05:16',4,1,'A',NULL),
(331,637,'EXP','2024-07-08 11:08:31',4,1,'A',NULL),
(332,638,'EXP','2024-07-08 11:09:44',4,1,'A',NULL),
(333,639,'EXP','2024-07-08 11:40:21',0,1,'A',NULL),
(334,640,'EXP','2024-07-10 12:32:58',4,1,'A',NULL),
(334,641,'EXP','2024-07-10 12:45:48',4,1,'E',NULL),
(63,642,'ACM','2024-07-10 13:12:02',3,1,'A',NULL),
(48,643,'CRM','2024-07-10 13:12:02',3,1,'A',NULL),
(30156,644,'ENQ','2024-07-10 13:12:02',3,1,'A',NULL),
(174,645,'QOT','2024-07-10 13:24:33',3,1,'A',NULL),
(335,646,'EXP','2024-07-10 13:30:37',0,1,'A',NULL),
(336,647,'EXP','2024-07-10 13:32:38',0,1,'A',NULL),
(174,648,'QOT','2024-07-11 12:57:21',3,1,'A',NULL),
(337,649,'EXP','2024-07-11 12:57:56',4,1,'A',NULL),
(127,650,'JBO','2024-07-11 13:08:02',3,1,'A',NULL),
(124,651,'INV','2024-07-11 14:45:22',3,1,'A',NULL),
(125,652,'INV','2024-07-12 10:53:56',3,1,'A',NULL),
(338,653,'EXP','2024-07-12 11:32:30',4,1,'A',NULL),
(128,654,'JBO','2024-07-13 13:18:58',3,1,'A',NULL),
(126,655,'INV','2024-07-13 13:22:30',3,1,'A',NULL),
(64,677,'ACM','2024-07-15 17:17:47',3,1,'A',NULL),
(49,678,'CRM','2024-07-15 17:17:47',3,1,'A',NULL),
(30157,679,'ENQ','2024-07-15 17:17:47',3,1,'A',NULL),
(175,680,'QOT','2024-07-15 17:25:15',3,1,'A',NULL),
(127,681,'INV','2024-07-16 12:02:38',3,1,'A',NULL),
(128,682,'INV','2024-07-17 12:00:51',3,1,'A',NULL),
(170,683,'QOT','2024-07-18 18:27:13',3,1,'A',NULL),
(170,684,'QOT','2024-07-18 18:28:43',3,1,'A',NULL),
(30158,685,'ENQ','2024-07-18 18:36:32',3,1,'A',NULL),
(176,686,'QOT','2024-07-18 18:44:32',3,1,'A',NULL),
(339,687,'EXP','2024-07-18 20:42:22',4,1,'A',NULL),
(340,688,'EXP','2024-07-19 11:09:57',4,1,'A',NULL),
(341,689,'EXP','2024-07-19 11:12:56',4,1,'A',NULL),
(342,690,'EXP','2024-07-19 11:15:19',4,1,'A',NULL),
(343,691,'EXP','2024-07-19 11:18:51',4,1,'A',NULL),
(344,692,'EXP','2024-07-19 11:21:46',4,1,'A',NULL),
(345,693,'EXP','2024-07-19 11:24:23',4,1,'A',NULL),
(127,694,'JOB','2024-07-19 13:52:43',3,1,'E',NULL),
(127,695,'INV','2024-07-19 13:58:55',3,1,'E',NULL),
(1,696,'CM','2024-07-19 14:10:21',0,1,'A',NULL),
(346,697,'EXP','2024-07-19 14:10:21',0,1,'A',NULL),
(347,698,'EXP','2024-07-22 11:04:03',4,1,'A',NULL),
(348,699,'EXP','2024-07-22 11:15:37',4,1,'A',NULL),
(349,700,'EXP','2024-07-22 11:45:20',4,1,'A',NULL),
(62,701,'RCT','2024-07-22 11:51:21',3,1,'A',NULL),
(63,702,'RCT','2024-07-22 11:54:12',3,1,'A',NULL),
(64,703,'RCT','2024-07-22 12:03:26',3,1,'A',NULL),
(65,704,'RCT','2024-07-22 12:07:13',3,1,'A',NULL),
(350,705,'EXP','2024-07-22 12:32:53',0,1,'A',NULL),
(350,706,'EXP','2024-07-22 12:33:34',0,1,'E',NULL),
(30159,707,'ENQ','2024-07-24 06:57:38',3,1,'A',NULL),
(177,708,'QOT','2024-07-24 07:01:23',3,1,'A',NULL),
(65,709,'ACM','2024-07-24 17:48:46',3,1,'A',NULL),
(50,710,'CRM','2024-07-24 17:48:46',3,1,'A',NULL),
(30160,711,'ENQ','2024-07-24 17:48:46',3,1,'A',NULL),
(178,712,'QOT','2024-07-24 17:53:02',3,1,'A',NULL),
(66,713,'ACM','2024-07-26 11:19:41',3,1,'A',NULL),
(51,714,'CRM','2024-07-26 11:19:41',3,1,'A',NULL),
(30161,715,'ENQ','2024-07-26 11:19:41',3,1,'A',NULL),
(179,716,'QOT','2024-07-26 12:06:24',0,1,'A',NULL),
(30162,717,'ENQ','2024-07-31 16:53:22',3,1,'A',NULL),
(180,718,'QOT','2024-07-31 16:59:10',3,1,'A',NULL),
(129,719,'JBO','2024-07-31 17:02:19',3,1,'A',NULL),
(129,720,'INV','2024-07-31 17:03:08',3,1,'A',NULL),
(130,721,'JBO','2024-08-02 15:27:46',3,1,'A',NULL),
(130,722,'INV','2024-08-02 15:28:28',3,1,'A',NULL),
(30163,723,'ENQ','2024-08-21 09:59:49',3,1,'A',NULL),
(181,724,'QOT','2024-08-21 10:06:51',3,1,'A',NULL),
(181,725,'QOT','2024-08-21 15:50:06',3,1,'A',NULL),
(131,726,'JBO','2024-08-21 15:51:27',3,1,'A',NULL),
(131,727,'INV','2024-08-21 15:57:23',3,1,'A',NULL),
(30163,728,'ENQ','2024-08-21 16:04:43',3,1,'E',NULL),
(30164,729,'ENQ','2024-08-21 16:25:12',3,1,'A',NULL),
(182,730,'QOT','2024-08-21 16:30:11',3,1,'A',NULL),
(30165,731,'ENQ','2024-08-22 12:24:24',3,1,'A',NULL),
(183,732,'QOT','2024-08-22 12:28:56',3,1,'A',NULL),
(176,733,'QOT','2024-08-23 11:53:27',3,1,'A',NULL),
(132,734,'JBO','2024-08-23 11:55:50',3,1,'A',NULL),
(133,735,'JBO','2024-08-23 12:12:34',3,1,'A',NULL),
(132,736,'INV','2024-08-23 12:15:44',3,1,'A',NULL),
(132,737,'JOB','2024-08-23 12:20:00',3,1,'E',NULL),
(133,738,'INV','2024-08-23 12:20:45',3,1,'A',NULL),
(134,739,'JBO','2024-08-23 13:09:18',3,1,'A',NULL),
(30166,740,'ENQ','2024-08-23 13:28:24',3,1,'A',NULL),
(184,741,'QOT','2024-08-23 13:33:40',3,1,'A',NULL),
(30167,742,'ENQ','2024-08-25 23:50:47',3,1,'A',NULL),
(185,743,'QOT','2024-08-25 23:56:53',3,1,'A',NULL),
(1,744,'URL','2024-08-27 00:32:17',1,1,'E',NULL),
(134,745,'INV','2024-08-28 12:19:51',3,1,'A',NULL),
(135,746,'JBO','2024-08-29 11:55:43',3,1,'A',NULL),
(66,747,'RCT','2024-08-29 12:10:05',3,1,'A',NULL),
(67,748,'RCT','2024-08-29 12:13:05',3,1,'A',NULL),
(68,749,'RCT','2024-08-29 12:14:35',3,1,'A',NULL),
(69,750,'RCT','2024-08-29 12:16:27',3,1,'A',NULL),
(70,751,'RCT','2024-08-29 12:19:32',3,1,'A',NULL),
(71,752,'RCT','2024-08-29 12:20:59',3,1,'A',NULL),
(351,753,'EXP','2024-08-29 12:53:29',3,1,'A',NULL),
(352,754,'EXP','2024-08-29 14:22:37',4,1,'A',NULL),
(135,755,'JOB','2024-08-30 12:41:23',3,1,'E',NULL),
(135,756,'INV','2024-08-30 16:49:06',3,1,'A',NULL),
(72,757,'RCT','2024-09-02 13:47:25',3,1,'A',NULL),
(353,758,'EXP','2024-09-02 16:52:54',4,1,'A',NULL),
(354,759,'EXP','2024-09-02 16:54:26',4,1,'A',NULL),
(355,760,'EXP','2024-09-02 16:59:31',4,1,'A',NULL),
(67,761,'ACM','2024-09-03 14:31:38',3,1,'A',NULL),
(52,762,'CRM','2024-09-03 14:31:38',3,1,'A',NULL),
(30168,763,'ENQ','2024-09-03 14:31:38',3,1,'A',NULL),
(186,764,'QOT','2024-09-03 14:38:32',3,1,'A',NULL),
(30169,765,'ENQ','2024-09-04 12:34:15',3,1,'A',NULL),
(187,766,'QOT','2024-09-04 12:37:07',3,1,'A',NULL),
(30170,767,'ENQ','2024-09-04 15:56:31',3,1,'A',NULL),
(188,768,'QOT','2024-09-04 16:00:16',3,1,'A',NULL),
(30171,769,'ENQ','2024-09-05 19:49:35',3,1,'A',NULL),
(189,770,'QOT','2024-09-05 19:54:35',3,1,'A',NULL),
(136,771,'JBO','2024-09-05 19:59:27',3,1,'A',NULL),
(136,772,'INV','2024-09-05 20:02:54',3,1,'A',NULL),
(137,773,'JBO','2024-09-05 20:06:11',3,1,'A',NULL),
(137,774,'INV','2024-09-05 20:07:32',3,1,'A',NULL),
(138,775,'JBO','2024-09-07 12:36:23',3,1,'A',NULL),
(138,776,'INV','2024-09-07 12:41:27',3,1,'A',NULL),
(356,777,'EXP','2024-09-09 12:27:16',0,1,'A',NULL),
(357,778,'EXP','2024-09-09 12:37:36',0,1,'A',NULL),
(358,779,'EXP','2024-09-09 12:43:29',0,1,'A',NULL),
(359,780,'EXP','2024-09-09 12:45:57',0,1,'A',NULL),
(360,781,'EXP','2024-09-09 12:47:21',0,1,'A',NULL),
(361,782,'EXP','2024-09-09 12:49:41',0,1,'A',NULL),
(362,783,'EXP','2024-09-09 12:51:09',0,1,'A',NULL),
(363,784,'EXP','2024-09-09 12:58:57',0,1,'A',NULL),
(364,785,'EXP','2024-09-09 13:01:46',0,1,'A',NULL),
(365,786,'EXP','2024-09-09 13:05:53',0,1,'A',NULL),
(366,787,'EXP','2024-09-09 13:08:04',0,1,'A',NULL),
(366,788,'EXP','2024-09-09 13:08:45',0,1,'E',NULL),
(367,789,'EXP','2024-09-09 13:12:12',0,1,'A',NULL),
(368,790,'EXP','2024-09-09 13:13:50',0,1,'A',NULL),
(369,791,'EXP','2024-09-09 13:15:33',0,1,'A',NULL),
(370,792,'EXP','2024-09-09 13:17:50',0,1,'A',NULL),
(371,793,'EXP','2024-09-09 13:22:31',0,1,'A',NULL),
(372,794,'EXP','2024-09-09 13:25:03',0,1,'A',NULL),
(373,795,'EXP','2024-09-09 13:27:16',0,1,'A',NULL),
(374,796,'EXP','2024-09-09 13:30:12',0,1,'A',NULL),
(375,797,'EXP','2024-09-09 13:32:20',0,1,'A',NULL),
(376,798,'EXP','2024-09-09 13:49:25',0,1,'A',NULL),
(377,799,'EXP','2024-09-09 13:51:36',0,1,'A',NULL),
(378,800,'EXP','2024-09-09 13:54:01',0,1,'A',NULL),
(73,801,'RCT','2024-09-10 15:20:31',3,1,'A',NULL),
(139,802,'JBO','2024-09-12 13:22:40',3,1,'A',NULL),
(139,803,'INV','2024-09-12 13:24:17',3,1,'A',NULL),
(379,804,'EXP','2024-09-12 15:57:25',4,1,'A',NULL),
(380,805,'EXP','2024-09-13 13:19:35',4,1,'A',NULL),
(381,806,'EXP','2024-09-13 16:16:36',4,1,'A',NULL),
(382,807,'EXP','2024-09-13 16:18:35',4,1,'A',NULL),
(NULL,810,'INV','2024-10-22 23:41:50',1,1,'E',2),
(NULL,811,'INV','2024-10-22 23:42:44',1,1,'E',2),
(NULL,812,'INV','2024-10-23 00:04:30',1,1,'D',2),
(NULL,813,'INV','2024-10-23 00:05:45',1,1,'A',1),
(NULL,814,'INV','2024-10-23 00:06:57',1,1,'A',2),
(NULL,815,'INV','2024-10-23 00:07:19',1,1,'A',3),
(NULL,816,'EXP','2024-10-31 00:35:22',1,1,'A',7),
(NULL,817,'EXP','2024-10-31 00:35:58',1,1,'A',8),
(NULL,818,'INV','2024-10-31 00:37:16',1,1,'A',4),
(NULL,819,'EXP','2024-10-31 20:38:47',1,1,'A',9),
(NULL,820,'INV','2024-10-31 20:39:53',1,1,'A',5),
(NULL,821,'EXP','2024-10-31 20:41:13',1,1,'A',10),
(NULL,822,'EXP','2024-10-31 20:55:33',1,1,'A',1),
(NULL,823,'INV','2024-10-31 20:56:30',1,1,'A',1),
(NULL,824,'INV','2024-10-31 20:57:19',1,1,'A',2),
(NULL,825,'EXP','2024-10-31 20:59:10',1,1,'A',2),
(NULL,826,'EXP','2024-10-31 21:02:13',1,1,'A',3),
(NULL,827,'INV','2024-11-03 23:57:58',1,1,'A',3),
(NULL,828,'INV','2024-11-09 01:21:18',1,1,'A',4),
(NULL,829,'INV','2024-11-18 22:12:55',1,1,'A',1),
(NULL,830,'INV','2024-11-20 00:23:54',1,1,'A',2);

/*Table structure for table `my_acbook` */

DROP TABLE IF EXISTS `my_acbook`;

CREATE TABLE `my_acbook` (
  `cldocno` mediumint(8) NOT NULL,
  `code` varchar(15) DEFAULT NULL,
  `refname` varchar(255) DEFAULT NULL,
  `email` varchar(255) DEFAULT NULL,
  `mobile` varchar(255) DEFAULT NULL,
  `date` date DEFAULT NULL,
  `userid` int(11) NOT NULL,
  `status` int(11) NOT NULL,
  `contactperson` varchar(45) DEFAULT NULL,
  `contactmobile` varchar(15) DEFAULT NULL,
  `address` varchar(250) DEFAULT NULL,
  `tax` tinyint(3) DEFAULT NULL,
  `acno` mediumint(8) DEFAULT '0',
  `trn` varchar(20) DEFAULT '',
  `poboxdocno` tinyint(3) DEFAULT '0',
  `poboxno` varchar(15) DEFAULT '',
  `brhid` int(11) NOT NULL,
  `voc_no` int(11) DEFAULT NULL,
  PRIMARY KEY (`cldocno`)
) ENGINE=InnoDB DEFAULT CHARSET=latin1;

/*Data for the table `my_acbook` */

insert  into `my_acbook`(`cldocno`,`code`,`refname`,`email`,`mobile`,`date`,`userid`,`status`,`contactperson`,`contactmobile`,`address`,`tax`,`acno`,`trn`,`poboxdocno`,`poboxno`,`brhid`,`voc_no`) values 
(1,NULL,NULL,NULL,'9895098950','2024-11-18',1,3,NULL,NULL,NULL,NULL,15,'',0,'',1,1);

/*Table structure for table `my_bankdet` */

DROP TABLE IF EXISTS `my_bankdet`;

CREATE TABLE `my_bankdet` (
  `doc_no` mediumint(8) NOT NULL,
  `brhid` mediumint(8) DEFAULT NULL,
  `compname` varchar(200) DEFAULT NULL,
  `line1` varchar(200) DEFAULT NULL,
  `line2` varchar(200) DEFAULT NULL,
  `line3` varchar(200) DEFAULT NULL,
  `status` tinyint(3) DEFAULT '3',
  PRIMARY KEY (`doc_no`)
) ENGINE=InnoDB DEFAULT CHARSET=latin1;

/*Data for the table `my_bankdet` */

insert  into `my_bankdet`(`doc_no`,`brhid`,`compname`,`line1`,`line2`,`line3`,`status`) values 
(1,1,'LEON LEO FIRE AND SAFETY LLC','A/C NO: 0333149358001','IBAN: AE280400000333149358001','RAK BANK,BRANCH UMM HURAIR-DUBAI',3);

/*Table structure for table `my_brch` */

DROP TABLE IF EXISTS `my_brch`;

CREATE TABLE `my_brch` (
  `doc_no` mediumint(8) NOT NULL DEFAULT '1',
  `branchname` varchar(255) DEFAULT NULL,
  `email` varchar(255) DEFAULT NULL,
  `mobile` varchar(255) DEFAULT NULL,
  `date` date DEFAULT NULL,
  `status` int(11) DEFAULT NULL,
  `roleid` mediumint(8) DEFAULT '0',
  PRIMARY KEY (`doc_no`)
) ENGINE=InnoDB DEFAULT CHARSET=latin1;

/*Data for the table `my_brch` */

insert  into `my_brch`(`doc_no`,`branchname`,`email`,`mobile`,`date`,`status`,`roleid`) values 
(1,'Mens Salon',NULL,NULL,'2024-09-22',3,0),
(2,'Mens',NULL,NULL,'2024-09-22',7,0),
(3,'Womens Salon',NULL,NULL,'2024-09-22',3,0);

/*Table structure for table `my_chequem` */

DROP TABLE IF EXISTS `my_chequem`;

CREATE TABLE `my_chequem` (
  `doc_no` mediumint(8) NOT NULL,
  `date` date DEFAULT NULL,
  `userid` mediumint(8) DEFAULT NULL,
  `brhid` mediumint(8) DEFAULT NULL,
  `status` tinyint(3) DEFAULT NULL,
  `chequeno` varchar(15) DEFAULT NULL,
  `issuedate` date DEFAULT NULL,
  `chequetype` varchar(10) DEFAULT NULL,
  `cldocno` mediumint(8) DEFAULT NULL,
  `invno` varchar(50) DEFAULT NULL,
  `jobdocno` varchar(50) DEFAULT NULL,
  `description` varchar(200) DEFAULT NULL,
  `collectdate` date DEFAULT NULL,
  `amount` decimal(15,4) DEFAULT '0.0000',
  `chequestatus` tinyint(3) DEFAULT '0',
  `certificates` varchar(20) DEFAULT NULL,
  PRIMARY KEY (`doc_no`)
) ENGINE=InnoDB DEFAULT CHARSET=latin1;

/*Data for the table `my_chequem` */

insert  into `my_chequem`(`doc_no`,`date`,`userid`,`brhid`,`status`,`chequeno`,`issuedate`,`chequetype`,`cldocno`,`invno`,`jobdocno`,`description`,`collectdate`,`amount`,`chequestatus`,`certificates`) values 
(1,'2024-07-11',0,1,3,'1','2024-07-17','OUT',119,'PROFOMA','0','3,483- CHEQUE. 360- CASH . TOTAL- 3,843.','2024-07-17',3843.0000,1,'');

/*Table structure for table `my_combodet` */

DROP TABLE IF EXISTS `my_combodet`;

CREATE TABLE `my_combodet` (
  `doc_no` mediumint(8) NOT NULL AUTO_INCREMENT,
  `rdocno` mediumint(8) DEFAULT NULL,
  `psrno` mediumint(8) DEFAULT NULL,
  PRIMARY KEY (`doc_no`),
  KEY `FKtr6qeiqpdleunyxd3n8bp7ppl` (`rdocno`),
  KEY `FK3makk6rqmtijgqvpcwxa9q4qe` (`psrno`),
  CONSTRAINT `FKtr6qeiqpdleunyxd3n8bp7ppl` FOREIGN KEY (`rdocno`) REFERENCES `my_combomaster` (`doc_no`)
) ENGINE=InnoDB AUTO_INCREMENT=23 DEFAULT CHARSET=latin1;

/*Data for the table `my_combodet` */

insert  into `my_combodet`(`doc_no`,`rdocno`,`psrno`) values 
(17,1,1),
(18,1,3),
(19,2,1),
(20,2,3),
(21,2,4),
(22,2,6);

/*Table structure for table `my_combomaster` */

DROP TABLE IF EXISTS `my_combomaster`;

CREATE TABLE `my_combomaster` (
  `doc_no` mediumint(8) NOT NULL,
  `refname` varchar(255) DEFAULT NULL,
  `fromdate` date DEFAULT NULL,
  `todate` date DEFAULT NULL,
  `amount` double NOT NULL,
  `description` varchar(255) DEFAULT NULL,
  `status` int(11) NOT NULL,
  `brhid` mediumint(8) DEFAULT '0',
  `userid` mediumint(8) DEFAULT '0',
  `date` date DEFAULT NULL,
  `voc_no` int(11) DEFAULT NULL,
  PRIMARY KEY (`doc_no`)
) ENGINE=InnoDB DEFAULT CHARSET=latin1;

/*Data for the table `my_combomaster` */

insert  into `my_combomaster`(`doc_no`,`refname`,`fromdate`,`todate`,`amount`,`description`,`status`,`brhid`,`userid`,`date`,`voc_no`) values 
(1,'HAIRCUT & BEARDSET',NULL,NULL,250,'',3,1,1,'2024-11-18',1),
(2,'HAIRCUT,BEARDSET,SCRUB,DTAN',NULL,NULL,700,'',3,1,1,'2024-11-18',1);

/*Table structure for table `my_comp` */

DROP TABLE IF EXISTS `my_comp`;

CREATE TABLE `my_comp` (
  `doc_no` mediumint(8) NOT NULL AUTO_INCREMENT,
  `compname` varchar(200) DEFAULT NULL,
  `address` varchar(200) DEFAULT NULL,
  `tel` varchar(45) DEFAULT NULL,
  `mob` varchar(45) DEFAULT NULL,
  `fax` varchar(45) DEFAULT NULL,
  `trn` varchar(45) DEFAULT NULL,
  `imgorigin` varchar(45) DEFAULT NULL,
  `email` varchar(45) DEFAULT '',
  PRIMARY KEY (`doc_no`)
) ENGINE=InnoDB AUTO_INCREMENT=2 DEFAULT CHARSET=latin1;

/*Data for the table `my_comp` */

insert  into `my_comp`(`doc_no`,`compname`,`address`,`tel`,`mob`,`fax`,`trn`,`imgorigin`,`email`) values 
(1,'LEON LEO FIRE AND SAFETY LLC',NULL,NULL,NULL,NULL,'104059260000003','http://localhost:8080/Service','');

/*Table structure for table `my_config` */

DROP TABLE IF EXISTS `my_config`;

CREATE TABLE `my_config` (
  `doc_no` mediumint(8) NOT NULL AUTO_INCREMENT,
  `fieldname` varchar(255) DEFAULT NULL,
  `method` int(11) NOT NULL,
  `configvalue` varchar(255) DEFAULT NULL,
  `description` varchar(255) DEFAULT NULL,
  `uitype` varchar(255) DEFAULT NULL,
  PRIMARY KEY (`doc_no`)
) ENGINE=InnoDB AUTO_INCREMENT=21 DEFAULT CHARSET=latin1;

/*Data for the table `my_config` */

insert  into `my_config`(`doc_no`,`fieldname`,`method`,`configvalue`,`description`,`uitype`) values 
(1,'tax',0,'5','VAT Percentage','input'),
(3,'currency',1,'RS','Base Currency','input'),
(4,'amtdec',1,'2','Amount Decimal Points Rounding','input'),
(5,'imagepath',1,'/usr/local/tomcat9/webapps/Service','Attachment path','input'),
(6,'headerpath',1,'assets/images/logo-header.jpg','Header Image for Prints','input'),
(7,'cashAcno',1,'5010','Cash Account No','select'),
(8,'BankAcno',1,'5020','Bank Account No','select'),
(9,'chequeAcno',1,'5030','Cheque Account No','select'),
(10,'TaxAcno',1,'6','VAT Account No','select'),
(13,'INVacno',1,'5','Invoice Revenue Acno','select'),
(15,'BankTransferAcno',1,'5040','Bank Transfer Account No','select'),
(17,'NightShift',1,'22:00','Night Shift Starting Time','input'),
(18,'WorkBonusPercent',1,'10','Work Bonus Percent for each employee','input'),
(19,'DefaultSalary',1,'35000','Default Salary for Employees','input'),
(20,'NightBonusPercent',1,'2','Work Bonus Percent for each employee','input');

/*Table structure for table `my_dailybal` */

DROP TABLE IF EXISTS `my_dailybal`;

CREATE TABLE `my_dailybal` (
  `doc_no` mediumint(8) NOT NULL,
  `openbalance` double DEFAULT NULL,
  `dailyinvoice` double DEFAULT NULL,
  `dailyexpense` double DEFAULT NULL,
  `dailybalance` double DEFAULT NULL,
  `closingbalance` double DEFAULT NULL,
  `userid` mediumint(8) DEFAULT '0',
  `brhid` mediumint(8) DEFAULT '0',
  `date` date DEFAULT NULL,
  PRIMARY KEY (`doc_no`)
) ENGINE=InnoDB DEFAULT CHARSET=latin1;

/*Data for the table `my_dailybal` */

insert  into `my_dailybal`(`doc_no`,`openbalance`,`dailyinvoice`,`dailyexpense`,`dailybalance`,`closingbalance`,`userid`,`brhid`,`date`) values 
(1,350000,11000,150,10850,360850,1,1,'2024-11-19'),
(2,360850,130,0,130,360980,1,1,'2024-11-20');

/*Table structure for table `my_empm` */

DROP TABLE IF EXISTS `my_empm`;

CREATE TABLE `my_empm` (
  `doc_no` mediumint(8) NOT NULL,
  `refname` varchar(255) DEFAULT NULL,
  `email` varchar(255) DEFAULT NULL,
  `mobile` varchar(255) DEFAULT NULL,
  `targetamt` double NOT NULL,
  `userid` mediumint(8) DEFAULT NULL,
  `brhid` mediumint(8) DEFAULT NULL,
  `status` int(11) NOT NULL,
  `active` tinyint(1) DEFAULT NULL,
  `acno` mediumint(8) DEFAULT NULL,
  `date` date DEFAULT NULL,
  `voc_no` int(11) DEFAULT NULL,
  `salary` double DEFAULT NULL,
  PRIMARY KEY (`doc_no`)
) ENGINE=InnoDB DEFAULT CHARSET=latin1;

/*Data for the table `my_empm` */

insert  into `my_empm`(`doc_no`,`refname`,`email`,`mobile`,`targetamt`,`userid`,`brhid`,`status`,`active`,`acno`,`date`,`voc_no`,`salary`) values 
(1,'Varun','varun@gmail.com','9746200106',200,1,1,3,1,8,'2024-10-31',1,30000);

/*Table structure for table `my_expense` */

DROP TABLE IF EXISTS `my_expense`;

CREATE TABLE `my_expense` (
  `doc_no` mediumint(8) NOT NULL,
  `type` varchar(10) DEFAULT NULL,
  `jobdocno` varchar(20) DEFAULT NULL,
  `paytype` int(11) DEFAULT NULL,
  `paytypeno` varchar(255) DEFAULT NULL,
  `invoiceno` varchar(45) DEFAULT NULL,
  `billno` varchar(255) DEFAULT NULL,
  `company` varchar(200) DEFAULT NULL,
  `companytrn` varchar(45) DEFAULT NULL,
  `amount` double NOT NULL,
  `vat` double DEFAULT NULL,
  `total` double DEFAULT NULL,
  `remarks` varchar(255) DEFAULT NULL,
  `status` int(11) NOT NULL,
  `userid` mediumint(8) DEFAULT NULL,
  `brhid` mediumint(8) DEFAULT '0',
  `date` date DEFAULT NULL,
  `trno` mediumint(8) DEFAULT '0',
  `expenseacno` mediumint(8) DEFAULT '0',
  `paidby` varchar(50) DEFAULT '',
  `extraremarks` varchar(200) DEFAULT NULL,
  `jobno` varchar(150) DEFAULT '',
  `chequedate` date DEFAULT NULL,
  `pytstatus` tinyint(3) DEFAULT '0',
  `pytduedate` date DEFAULT NULL,
  `exptype` int(11) NOT NULL,
  `vendorid` int(11) NOT NULL,
  `voc_no` int(11) DEFAULT NULL,
  PRIMARY KEY (`doc_no`)
) ENGINE=InnoDB DEFAULT CHARSET=latin1;

/*Data for the table `my_expense` */

/*Table structure for table `my_exptype` */

DROP TABLE IF EXISTS `my_exptype`;

CREATE TABLE `my_exptype` (
  `doc_no` mediumint(8) NOT NULL AUTO_INCREMENT,
  `refname` varchar(255) DEFAULT NULL,
  `userid` mediumint(8) DEFAULT NULL,
  `brhid` mediumint(8) DEFAULT NULL,
  `date` date DEFAULT NULL,
  `voc_no` int(11) DEFAULT NULL,
  PRIMARY KEY (`doc_no`)
) ENGINE=InnoDB AUTO_INCREMENT=11 DEFAULT CHARSET=latin1;

/*Data for the table `my_exptype` */

insert  into `my_exptype`(`doc_no`,`refname`,`userid`,`brhid`,`date`,`voc_no`) values 
(3,'Production',1,1,'2024-10-06',3),
(4,'testing data',1,1,'2024-10-06',4),
(5,'Pasdasd',1,1,'2024-10-06',5),
(6,'Furniture',1,1,'2024-10-06',6),
(7,'shampoo',1,1,'2024-10-06',7),
(8,'Salary',1,1,'2024-10-30',8),
(9,'EMI',1,1,'2024-10-30',9),
(10,'Shop Rent',1,1,'2024-10-31',10);

/*Table structure for table `my_fileattach` */

DROP TABLE IF EXISTS `my_fileattach`;

CREATE TABLE `my_fileattach` (
  `rowno` mediumint(8) NOT NULL AUTO_INCREMENT,
  `doc_no` mediumint(8) DEFAULT NULL,
  `formname` varchar(100) DEFAULT NULL,
  `path` varchar(250) DEFAULT NULL,
  `filename` varchar(100) DEFAULT NULL,
  `description` varchar(200) DEFAULT NULL,
  `refid` varchar(10) DEFAULT NULL,
  `srno` tinyint(3) DEFAULT NULL,
  `edate` datetime DEFAULT CURRENT_TIMESTAMP,
  `status` tinyint(3) DEFAULT '3',
  PRIMARY KEY (`rowno`)
) ENGINE=InnoDB AUTO_INCREMENT=15 DEFAULT CHARSET=latin1;

/*Data for the table `my_fileattach` */

insert  into `my_fileattach`(`rowno`,`doc_no`,`formname`,`path`,`filename`,`description`,`refid`,`srno`,`edate`,`status`) values 
(1,1,'Quotation','C:/Program Files (x86)/Apache Software Foundation/Tomcat 9.0/webapps/Service/attachments/Quotation-1-1.jpg','Quotation-1-1.jpg','test desc','0',1,'2023-10-16 20:16:35',3),
(2,107,'Job Order','C:/Program Files (x86)/Apache Software Foundation/Tomcat 9.0/webapps/Service/attachments/Job Order-107-1.pdf','Job Order-107-1.pdf','DCD CERTIFICATE','0',1,'2024-03-09 11:49:08',3),
(3,107,'Job Order','C:/Program Files (x86)/Apache Software Foundation/Tomcat 9.0/webapps/Service/attachments/Job Order-107-2.pdf','Job Order-107-2.pdf','DCD CERTIFICATE','0',2,'2024-03-09 11:49:34',7),
(4,1,'Admin','C:/Program Files (x86)/Apache Software Foundation/Tomcat 9.0/webapps/Service/attachments/Admin-1-1.pdf','Admin-1-1.pdf','TRADE LICENSE WITH MOU-2023-2024','0',1,'2024-04-28 12:37:41',3),
(5,1,'Admin','C:/Program Files (x86)/Apache Software Foundation/Tomcat 9.0/webapps/Service/attachments/Admin-1-2.pdf','Admin-1-2.pdf','TRADE LICENSE WITH MOU-2023-2024','0',2,'2024-04-28 12:37:42',7),
(6,1,'Admin','C:/Program Files (x86)/Apache Software Foundation/Tomcat 9.0/webapps/Service/attachments/Admin-1-3.pdf','Admin-1-3.pdf','TRADE LICENSE WITH MOU-2023-2024','0',3,'2024-04-28 12:39:53',7),
(7,1,'Admin','C:/Program Files (x86)/Apache Software Foundation/Tomcat 9.0/webapps/Service/attachments/Admin-1-4.pdf','Admin-1-4.pdf','establishment card 23-24.pdf','0',4,'2024-04-28 12:41:52',3),
(8,1,'Admin','C:/Program Files (x86)/Apache Software Foundation/Tomcat 9.0/webapps/Service/attachments/Admin-1-5.pdf','Admin-1-5.pdf','TRADE LICENSE WITH MOU-2023-2024','0',5,'2024-04-28 12:47:01',3),
(9,120,'Job Order','/usr/local/tomcat9/webapps/Service/attachments/Job Order-120-1.pdf','Job Order-120-1.pdf','LPO','0',1,'2024-05-30 13:29:20',3),
(10,118,'Job Order','/usr/local/tomcat9/webapps/Service/attachments/Job Order-118-1.pdf','Job Order-118-1.pdf','DCD CERTIFICATE','0',1,'2024-05-30 13:31:59',3),
(11,285,'Expense Master','/usr/local/tomcat9/webapps/Service/attachments/Expense Master-285-1.pdf','Expense Master-285-1.pdf','','0',1,'2024-05-30 13:36:31',3),
(12,285,'Expense Master','/usr/local/tomcat9/webapps/Service/attachments/Expense Master-285-2.pdf','Expense Master-285-2.pdf','DCD RECEIPT','0',2,'2024-05-30 14:16:18',3),
(13,290,'Expense Master','/usr/local/tomcat9/webapps/Service/attachments/Expense Master-290-1.pdf','Expense Master-290-1.pdf','TEST','0',1,'2024-06-07 12:52:44',3),
(14,338,'Expense Master','/usr/local/tomcat9/webapps/Service/attachments/Expense Master-338-1.jpg','Expense Master-338-1.jpg','testing','0',1,'2024-07-13 14:04:04',3);

/*Table structure for table `my_head` */

DROP TABLE IF EXISTS `my_head`;

CREATE TABLE `my_head` (
  `doc_no` mediumint(8) NOT NULL,
  `code` varchar(255) DEFAULT NULL,
  `acno` varchar(255) DEFAULT NULL,
  `date` date DEFAULT NULL,
  `acname` varchar(255) DEFAULT NULL,
  `status` int(11) NOT NULL,
  `type` varchar(15) DEFAULT NULL,
  `actype` varchar(255) DEFAULT NULL,
  `userid` int(11) NOT NULL,
  `brhid` int(11) NOT NULL,
  `voc_no` int(11) DEFAULT NULL,
  PRIMARY KEY (`doc_no`)
) ENGINE=InnoDB DEFAULT CHARSET=latin1;

/*Data for the table `my_head` */

insert  into `my_head`(`doc_no`,`code`,`acno`,`date`,`acname`,`status`,`type`,`actype`,`userid`,`brhid`,`voc_no`) values 
(1,NULL,'GEN/EXP','2024-10-06','General Expense',3,NULL,'GL',1,1,1),
(3,NULL,'5020','2024-10-08','Internal Cash Expense Ac',3,NULL,'GL',1,1,3),
(5,NULL,'1001','2024-10-18','Salon Revenue',3,NULL,'GL',1,1,5),
(6,NULL,'1002','2024-10-18','Invoice Tax',3,NULL,'GL',1,1,6),
(7,'AR-1','1','2024-10-31','Navab',3,NULL,'AR',1,1,7),
(8,'HR-1','1','2024-10-31','Varun',3,NULL,'HR',1,1,8),
(9,NULL,'1003','2024-10-31','Shop Fixed Expenses',3,NULL,'GL',1,1,9),
(10,'AP-1','1','2024-10-31','X Furnitures',3,NULL,'AP',1,1,10),
(11,'AR-2','2','2024-10-31',NULL,3,NULL,'AR',1,1,11),
(12,'AP-2','2','2024-10-31','Building Owner',3,NULL,'AP',1,1,12),
(13,NULL,'1004','2024-10-31','Purchase Expense',3,NULL,'GL',1,1,13),
(14,'AP-3','3','2024-10-31','Shampoo Dealer',3,NULL,'AP',1,1,14),
(15,'AR-1','1','2024-11-18',NULL,3,NULL,'AR',1,1,15);

/*Table structure for table `my_invd` */

DROP TABLE IF EXISTS `my_invd`;

CREATE TABLE `my_invd` (
  `rowno` int(11) NOT NULL AUTO_INCREMENT,
  `amount` double DEFAULT NULL,
  `serviceid` int(11) DEFAULT NULL,
  `servicetype` varchar(255) DEFAULT NULL,
  `trno` int(11) DEFAULT NULL,
  `rdocno` int(11) DEFAULT NULL,
  PRIMARY KEY (`rowno`),
  KEY `FKkpmpoqjw6a97kv2d8vm6qeiw8` (`rdocno`),
  CONSTRAINT `FKkpmpoqjw6a97kv2d8vm6qeiw8` FOREIGN KEY (`rdocno`) REFERENCES `my_invm` (`doc_no`)
) ENGINE=InnoDB AUTO_INCREMENT=3 DEFAULT CHARSET=latin1;

/*Data for the table `my_invd` */

insert  into `my_invd`(`rowno`,`amount`,`serviceid`,`servicetype`,`trno`,`rdocno`) values 
(1,700,2,'Combo',1,1),
(2,130,1,'Service',2,2);

/*Table structure for table `my_invm` */

DROP TABLE IF EXISTS `my_invm`;

CREATE TABLE `my_invm` (
  `doc_no` int(11) NOT NULL,
  `amount` double DEFAULT NULL,
  `brhid` int(11) DEFAULT NULL,
  `chknightbonus` int(11) DEFAULT NULL,
  `chkworkbonus` int(11) DEFAULT NULL,
  `cldocno` int(11) DEFAULT NULL,
  `code` varchar(255) DEFAULT NULL,
  `date` date DEFAULT NULL,
  `discount` double DEFAULT NULL,
  `empid` int(11) DEFAULT NULL,
  `nightbonus` double DEFAULT NULL,
  `out_amount` double DEFAULT NULL,
  `paytype` int(11) DEFAULT NULL,
  `remarks` varchar(255) DEFAULT NULL,
  `roundoff` double DEFAULT NULL,
  `status` int(11) DEFAULT NULL,
  `subtotal` double DEFAULT NULL,
  `taxamount` double DEFAULT NULL,
  `taxpercent` double DEFAULT NULL,
  `taxtotal` double DEFAULT NULL,
  `trno` int(11) DEFAULT NULL,
  `userid` int(11) DEFAULT NULL,
  `voc_no` int(11) DEFAULT NULL,
  `workbonus` double DEFAULT NULL,
  PRIMARY KEY (`doc_no`)
) ENGINE=InnoDB DEFAULT CHARSET=latin1;

/*Data for the table `my_invm` */

insert  into `my_invm`(`doc_no`,`amount`,`brhid`,`chknightbonus`,`chkworkbonus`,`cldocno`,`code`,`date`,`discount`,`empid`,`nightbonus`,`out_amount`,`paytype`,`remarks`,`roundoff`,`status`,`subtotal`,`taxamount`,`taxpercent`,`taxtotal`,`trno`,`userid`,`voc_no`,`workbonus`) values 
(1,700,1,0,1,1,NULL,'2024-11-18',0,1,NULL,NULL,1,'',NULL,3,700,0,5,700,1,1,1,50),
(2,130,1,0,0,1,NULL,'2024-11-20',0,1,NULL,NULL,1,'',NULL,3,130,0,5,130,2,1,2,NULL);

/*Table structure for table `my_invm_invoice_det_list` */

DROP TABLE IF EXISTS `my_invm_invoice_det_list`;

CREATE TABLE `my_invm_invoice_det_list` (
  `invoice_master_doc_no` int(11) NOT NULL,
  `invoice_det_list_rowno` int(11) NOT NULL,
  UNIQUE KEY `UKdoe5nhvitxwu7v7hny4jl2act` (`invoice_det_list_rowno`)
) ENGINE=InnoDB DEFAULT CHARSET=latin1;

/*Data for the table `my_invm_invoice_det_list` */

/*Table structure for table `my_jvtran` */

DROP TABLE IF EXISTS `my_jvtran`;

CREATE TABLE `my_jvtran` (
  `rowno` mediumint(8) NOT NULL AUTO_INCREMENT,
  `trno` mediumint(8) DEFAULT NULL,
  `acno` mediumint(8) DEFAULT NULL,
  `amount` double NOT NULL,
  `id` int(11) NOT NULL,
  `note` varchar(255) DEFAULT NULL,
  `userid` mediumint(8) DEFAULT NULL,
  `brhid` mediumint(8) DEFAULT NULL,
  `status` tinyint(8) DEFAULT NULL,
  `date` date DEFAULT NULL,
  `doc_no` mediumint(8) DEFAULT '0',
  `dtype` varchar(255) DEFAULT NULL,
  `out_amount` double NOT NULL,
  PRIMARY KEY (`rowno`)
) ENGINE=InnoDB AUTO_INCREMENT=5 DEFAULT CHARSET=latin1;

/*Data for the table `my_jvtran` */

insert  into `my_jvtran`(`rowno`,`trno`,`acno`,`amount`,`id`,`note`,`userid`,`brhid`,`status`,`date`,`doc_no`,`dtype`,`out_amount`) values 
(1,1,15,700,1,'Entry of Inv #1',1,1,NULL,'2024-11-18',1,'INV',0),
(2,1,5,-700,-1,'Revenue entry of Inv #1',1,1,NULL,'2024-11-18',1,'INV',0),
(3,2,15,130,1,'Entry of Inv #2',1,1,NULL,'2024-11-20',2,'INV',0),
(4,2,5,-130,-1,'Revenue entry of Inv #2',1,1,NULL,'2024-11-20',2,'INV',0);

/*Table structure for table `my_masterstatus` */

DROP TABLE IF EXISTS `my_masterstatus`;

CREATE TABLE `my_masterstatus` (
  `doc_no` mediumint(8) NOT NULL AUTO_INCREMENT,
  `statusname` varchar(45) DEFAULT NULL,
  `status` tinyint(3) DEFAULT '3',
  `statusid` mediumint(8) DEFAULT NULL,
  PRIMARY KEY (`doc_no`)
) ENGINE=InnoDB AUTO_INCREMENT=14 DEFAULT CHARSET=latin1;

/*Data for the table `my_masterstatus` */

insert  into `my_masterstatus`(`doc_no`,`statusname`,`status`,`statusid`) values 
(1,'Pipeline',3,1),
(2,'Invoice Submitted',3,2),
(3,'Payment RCV, Voucher Bal.',3,3),
(4,'Job To Be Closed',3,4),
(5,'Lost',3,5),
(6,'Quotation Sent',3,6),
(7,'Execution Completed',3,7),
(8,'Payment Pending',3,8),
(9,'Partial Payment Pending',3,9),
(10,'Payment Recieved',3,10),
(11,'Voucher Pending',3,11),
(12,'Voucher Created',3,12),
(13,'Job Closed',3,13);

/*Table structure for table `my_menu` */

DROP TABLE IF EXISTS `my_menu`;

CREATE TABLE `my_menu` (
  `mno` int(11) NOT NULL AUTO_INCREMENT,
  `pmenu` int(11) NOT NULL,
  `doctype` varchar(255) DEFAULT NULL,
  `gate` varchar(255) DEFAULT NULL,
  `menuname` varchar(255) DEFAULT NULL,
  `menupath` varchar(255) DEFAULT NULL,
  `printpath` varchar(255) DEFAULT NULL,
  PRIMARY KEY (`mno`)
) ENGINE=InnoDB DEFAULT CHARSET=latin1;

/*Data for the table `my_menu` */

/*Table structure for table `my_paytype` */

DROP TABLE IF EXISTS `my_paytype`;

CREATE TABLE `my_paytype` (
  `doc_no` mediumint(8) NOT NULL AUTO_INCREMENT,
  `paytype` varchar(255) DEFAULT NULL,
  `status` tinyint(3) DEFAULT '3',
  PRIMARY KEY (`doc_no`)
) ENGINE=InnoDB AUTO_INCREMENT=7 DEFAULT CHARSET=latin1;

/*Data for the table `my_paytype` */

insert  into `my_paytype`(`doc_no`,`paytype`,`status`) values 
(1,'Cash',3),
(2,'Card',3),
(3,'Cheque',3),
(4,'UPI',3),
(5,'Bank Transfer',3),
(6,'Credit',3);

/*Table structure for table `my_product` */

DROP TABLE IF EXISTS `my_product`;

CREATE TABLE `my_product` (
  `doc_no` mediumint(8) NOT NULL,
  `refname` varchar(255) DEFAULT NULL,
  `amount` double DEFAULT NULL,
  `status` int(11) DEFAULT NULL,
  `userid` mediumint(8) DEFAULT '0',
  `brhid` mediumint(8) DEFAULT '0',
  `date` date DEFAULT NULL,
  `voc_no` int(11) DEFAULT NULL,
  PRIMARY KEY (`doc_no`)
) ENGINE=InnoDB DEFAULT CHARSET=latin1;

/*Data for the table `my_product` */

insert  into `my_product`(`doc_no`,`refname`,`amount`,`status`,`userid`,`brhid`,`date`,`voc_no`) values 
(1,'Haircut',130,1,1,1,'2024-11-18',1),
(2,'Kids Haircut',150,1,1,1,'2024-11-18',2),
(3,'Beard Set',130,1,1,1,'2024-11-18',3),
(4,'Scrub (Basic)',250,1,1,1,'2024-11-18',4),
(5,'Scrub (Advanced)',350,1,1,1,'2024-11-18',5),
(6,'D-Tan (Basic)',450,1,1,1,'2024-11-18',6),
(7,'D-Tan (Advanced)',550,1,1,1,'2024-11-18',7),
(8,'Papaya Facial',800,1,1,1,'2024-11-18',8),
(9,'Platinum Facial',900,1,1,1,'2024-11-18',9),
(10,'Diamond Facial',1000,1,1,1,'2024-11-18',10),
(11,'Anti-Pigmentation Facial',1000,1,1,1,'2024-11-18',11),
(12,'Gold Facial',1500,1,1,1,'2024-11-18',12),
(13,'Hair Spa',800,1,1,1,'2024-11-18',13),
(14,'Hair Spa & Anti-Dandruff',1000,1,1,1,'2024-11-18',14),
(15,'Bleach',400,1,1,1,'2024-11-18',15),
(16,'Nyomi Hair Color',300,1,1,1,'2024-11-18',16),
(17,'Nyomi Beard Color',200,1,1,1,'2024-11-18',17),
(18,'Apple Hair Color',600,1,1,1,'2024-11-18',18),
(19,'Apple Beard Color',400,1,1,1,'2024-11-18',19),
(20,'Highlight (per layer)',150,1,1,1,'2024-11-18',20),
(21,'Head Massage',200,1,1,1,'2024-11-18',21),
(22,'Head Massage with Oil',250,1,1,1,'2024-11-18',22);

/*Table structure for table `my_recieptd` */

DROP TABLE IF EXISTS `my_recieptd`;

CREATE TABLE `my_recieptd` (
  `doc_no` mediumint(8) NOT NULL AUTO_INCREMENT,
  `rdocno` mediumint(8) DEFAULT NULL,
  `refdocno` mediumint(8) DEFAULT NULL,
  `reftrno` mediumint(8) DEFAULT NULL,
  `reftype` varchar(10) DEFAULT NULL,
  `amount` decimal(15,4) DEFAULT '0.0000',
  `applied` decimal(15,4) DEFAULT '0.0000',
  `balance` decimal(15,4) DEFAULT '0.0000',
  PRIMARY KEY (`doc_no`)
) ENGINE=InnoDB AUTO_INCREMENT=75 DEFAULT CHARSET=latin1;

/*Data for the table `my_recieptd` */

insert  into `my_recieptd`(`doc_no`,`rdocno`,`refdocno`,`reftrno`,`reftype`,`amount`,`applied`,`balance`) values 
(1,1,83,259,'INV',649.9500,649.9500,0.0000),
(2,2,86,263,'INV',8820.0000,8820.0000,0.0000),
(3,3,87,264,'INV',2205.0000,2205.0000,0.0000),
(4,4,88,265,'INV',17640.0000,17640.0000,0.0000),
(5,5,73,77,'INV',8452.5000,4000.0000,4452.5000),
(6,6,74,78,'INV',2362.5000,2362.5000,0.0000),
(8,8,75,79,'INV',3412.5000,3412.5000,0.0000),
(9,9,76,80,'INV',6825.0000,6825.0000,0.0000),
(10,10,69,74,'INV',3412.5000,3412.5000,0.0000),
(11,12,73,77,'INV',8452.5000,4000.0000,4452.5000),
(12,13,73,77,'INV',8452.5000,8000.0000,452.5000),
(13,7,79,256,'INV',314622.0000,94386.6000,220235.4000),
(14,15,91,269,'INV',2504.2500,2504.2500,0.0000),
(15,16,89,266,'INV',3780.0000,3780.0000,0.0000),
(16,17,92,270,'INV',4410.0000,4410.0000,0.0000),
(17,18,77,81,'INV',3412.5000,3412.5000,0.0000),
(18,19,80,257,'INV',3412.5000,3412.5000,0.0000),
(19,20,83,260,'INV',3412.5000,3412.5000,0.0000),
(20,21,84,261,'INV',6825.0000,6825.0000,0.0000),
(21,22,85,262,'INV',3412.5000,3412.5000,0.0000),
(22,27,72,72,'INV',4000.0000,4000.0000,0.0000),
(23,28,79,256,'INV',157311.0000,94386.6000,62924.4000),
(24,29,94,272,'INV',107796.1500,70720.5500,37075.6000),
(25,30,79,256,'INV',157311.0000,45000.0000,112311.0000),
(26,31,79,256,'INV',62924.4000,53000.0000,9924.4000),
(27,32,79,256,'INV',62924.4000,45000.0000,17924.4000),
(28,33,79,256,'INV',20401.5000,17924.4000,0.0000),
(29,33,94,272,'INV',20401.5000,37075.6000,0.0000),
(30,33,93,271,'INV',20401.5000,20401.5000,0.0000),
(31,34,72,72,'INV',4000.0000,4000.0000,0.0000),
(32,34,81,258,'INV',4000.0000,4000.0000,0.0000),
(33,34,82,259,'INV',4000.0000,4000.0000,0.0000),
(34,35,99,280,'INV',16537.5000,16537.5000,0.0000),
(35,36,95,273,'INV',3937.5000,3937.5000,0.0000),
(36,37,97,278,'INV',3937.5000,3937.5000,0.0000),
(37,38,101,282,'INV',5775.0000,5775.0000,0.0000),
(38,39,90,268,'INV',6825.0000,6825.0000,0.0000),
(39,42,104,286,'INV',9261.0000,9261.0000,0.0000),
(40,43,102,284,'INV',3937.5000,3937.5000,0.0000),
(41,44,103,285,'INV',8662.5000,8662.5000,0.0000),
(42,45,105,287,'INV',231000.0000,231000.0000,0.0000),
(43,46,96,274,'INV',3412.5000,6825.0000,0.0000),
(44,46,98,279,'INV',3412.5000,3412.5000,0.0000),
(45,47,110,362,'INV',3937.5000,3937.5000,0.0000),
(46,48,108,360,'INV',3937.5000,3937.5000,0.0000),
(48,50,111,363,'INV',13781.2500,13781.2500,0.0000),
(49,51,114,396,'INV',3937.5000,3937.5000,0.0000),
(50,52,112,394,'INV',16537.5000,16537.5000,0.0000),
(51,53,107,291,'INV',3412.5000,3412.5000,0.0000),
(52,54,109,361,'INV',6825.0000,6825.0000,0.0000),
(53,55,120,413,'INV',10395.0000,6000.0000,4395.0000),
(54,57,106,288,'INV',121800.0000,121800.0000,0.0000),
(55,49,106,288,'INV',243600.0000,121800.0000,121800.0000),
(56,58,115,399,'INV',3937.5000,3937.5000,0.0000),
(57,59,121,443,'INV',18742.5000,18742.5000,0.0000),
(58,60,122,446,'INV',2625.0000,2625.0000,0.0000),
(59,61,120,413,'INV',4395.0000,4395.0000,0.0000),
(60,62,113,395,'INV',3412.5000,3412.5000,0.0000),
(61,62,116,406,'INV',3412.5000,6825.0000,0.0000),
(62,62,117,407,'INV',3412.5000,3412.5000,0.0000),
(63,63,124,466,'INV',9922.5000,9922.5000,0.0000),
(64,64,123,453,'INV',16726.5000,6605.0000,10121.5000),
(65,65,123,453,'INV',10121.5000,10121.5000,0.0000),
(66,66,131,486,'INV',3000.0000,3000.0000,0.0000),
(67,67,126,469,'INV',8190.0000,8190.0000,0.0000),
(68,67,128,471,'INV',8190.0000,8190.0000,0.0000),
(69,68,129,484,'INV',2625.0000,2625.0000,0.0000),
(70,69,127,470,'INV',11340.0000,11340.0000,0.0000),
(71,70,133,488,'INV',3937.5000,3937.5000,0.0000),
(72,71,132,487,'INV',4237.5000,4237.5000,0.0000),
(73,72,135,492,'INV',13387.5000,13387.5000,0.0000),
(74,73,137,497,'INV',13387.5000,13387.5000,0.0000);

/*Table structure for table `my_recieptm` */

DROP TABLE IF EXISTS `my_recieptm`;

CREATE TABLE `my_recieptm` (
  `doc_no` mediumint(8) NOT NULL,
  `date` date DEFAULT NULL,
  `userid` mediumint(8) DEFAULT NULL,
  `brhid` mediumint(8) DEFAULT NULL,
  `status` tinyint(3) DEFAULT '3',
  `cldocno` mediumint(8) DEFAULT NULL,
  `paytype` tinyint(3) DEFAULT NULL,
  `paytypeno` varchar(100) DEFAULT '',
  `paytypedate` date DEFAULT NULL,
  `remarks` varchar(200) DEFAULT NULL,
  `amount` decimal(15,4) DEFAULT '0.0000',
  `applied` decimal(15,4) DEFAULT '0.0000',
  `balance` decimal(15,4) DEFAULT '0.0000',
  PRIMARY KEY (`doc_no`)
) ENGINE=InnoDB DEFAULT CHARSET=latin1;

/*Data for the table `my_recieptm` */

insert  into `my_recieptm`(`doc_no`,`date`,`userid`,`brhid`,`status`,`cldocno`,`paytype`,`paytypeno`,`paytypedate`,`remarks`,`amount`,`applied`,`balance`) values 
(1,'2023-10-26',1,1,3,2,1,'',NULL,'',649.9500,649.9500,0.0000),
(2,'2023-10-27',1,1,3,2,13,'Online','2023-10-27','',8820.0000,8820.0000,0.0000),
(3,'2023-10-27',1,1,3,2,13,'Online','2023-10-27','',2205.0000,2205.0000,0.0000),
(4,'2023-10-27',1,1,3,2,13,'Online','2023-10-27','',17640.0000,17640.0000,0.0000),
(5,'2023-10-27',1,1,3,23,1,'',NULL,'',8452.5000,4000.0000,4452.5000),
(6,'2023-10-27',1,1,3,31,3,'chequeno','2023-10-27','',2362.5000,2362.5000,0.0000),
(7,'2023-10-28',1,1,7,29,3,'chequeno','2023-10-28','',314622.0000,94386.6000,220235.4000),
(8,'2023-10-28',1,1,3,28,3,'LFS VOUCHER NO-2021','2023-10-23','',3412.5000,3412.5000,0.0000),
(9,'2023-10-28',1,1,3,28,3,'LFS-VOUCHER NO 2021','2023-10-23','',6825.0000,6825.0000,0.0000),
(10,'2023-10-28',1,1,3,28,3,'LFS-VOCHER NO 2022','2023-10-23','',3412.5000,3412.5000,0.0000),
(11,'2023-11-11',3,1,3,23,1,'cash',NULL,'',8452.5000,4000.0000,4452.5000),
(12,'2023-11-11',3,1,3,23,1,'cash',NULL,'',8452.5000,4000.0000,4452.5000),
(13,'2023-11-11',3,1,3,23,1,'cash',NULL,'',8452.5000,8000.0000,452.5000),
(14,'2023-12-12',1,1,7,33,1,'cash',NULL,'',2504.2500,0.0000,2504.2500),
(15,'2023-12-13',1,1,3,33,1,'',NULL,'',2504.2500,2504.2500,0.0000),
(16,'2023-12-13',1,1,3,37,12,'online','2023-12-13','',3780.0000,3780.0000,0.0000),
(17,'2023-12-13',1,1,3,41,12,'online','2023-12-13','',4410.0000,4410.0000,0.0000),
(18,'2023-12-13',1,1,3,28,3,'23.11.2023','2023-12-13','',3412.5000,3412.5000,0.0000),
(19,'2023-12-13',1,1,3,28,3,'23.11.2023','2023-12-13','',3412.5000,3412.5000,0.0000),
(20,'2023-12-13',1,1,3,28,3,'23.11.2023','2023-12-13','',3412.5000,3412.5000,0.0000),
(21,'2023-12-13',1,1,3,28,3,'23.11.2023','2023-12-13','',6825.0000,6825.0000,0.0000),
(22,'2023-12-13',1,1,3,28,3,'23.11.2023','2023-12-13','',3412.5000,3412.5000,0.0000),
(23,'2024-01-25',3,1,3,26,1,'cash',NULL,'',12000.0000,0.0000,12000.0000),
(24,'2024-01-25',3,1,3,26,1,'voucher no 2023',NULL,'',12000.0000,0.0000,12000.0000),
(25,'2024-01-25',3,1,3,26,1,'voucher no 2023',NULL,'',4000.0000,0.0000,12000.0000),
(26,'2024-01-25',3,1,3,26,1,'2023',NULL,'',12000.0000,0.0000,12000.0000),
(27,'2023-11-19',3,1,7,26,1,'Voucher 2023-19-11-2023',NULL,'',4000.0000,4000.0000,0.0000),
(28,'2024-01-26',3,1,3,29,3,'123','2023-10-17','',157311.0000,94386.6000,62924.4000),
(29,'2023-11-18',3,1,3,29,3,'123','2023-11-18','',107796.1500,70720.5500,37075.6000),
(30,'2024-01-26',3,1,7,29,3,'123','2024-01-26','',157311.0000,45000.0000,112311.0000),
(31,'2024-01-30',1,1,7,29,3,'123','2024-01-30','',62924.4000,53000.0000,9924.4000),
(32,'2024-01-30',1,1,3,29,3,'123','2024-01-30','',62924.4000,45000.0000,17924.4000),
(33,'2024-01-30',1,1,3,29,3,'123','2024-01-30','',20401.5000,20401.5000,0.0000),
(34,'2023-12-19',1,1,3,26,1,'Voucher No 2023',NULL,'',4000.0000,4000.0000,0.0000),
(35,'2024-02-01',3,1,3,2,3,'voucher no 2026.','2024-01-24','',16537.5000,16537.5000,0.0000),
(36,'2023-12-15',3,1,3,30,3,'voucher no 2025','2024-02-01','',3937.5000,3937.5000,0.0000),
(37,'2024-01-30',3,1,3,30,3,'voucher no 2027 ','2024-02-01','',3937.5000,3937.5000,0.0000),
(38,'2024-01-30',3,1,3,30,3,'voucher no 2028','2024-02-01','',5775.0000,5775.0000,0.0000),
(39,'2024-02-06',3,1,3,28,3,'voucher no 2029','2024-02-06','cheque no 111278.dated.04.01.2024',6825.0000,6825.0000,0.0000),
(40,'2024-02-21',3,1,3,2,3,'VOUCHER NO 2030','2024-02-20','1000 HAREEM',9261.0000,9261.0000,0.0000),
(41,'2024-02-21',3,1,3,2,3,'Voucher no 2030','2024-02-20','hareem 1000',9261.0000,9261.0000,0.0000),
(42,'2024-02-21',3,1,3,2,3,'voucher no 2030','2024-02-21','harem 1000',9261.0000,9261.0000,0.0000),
(43,'2024-02-27',3,1,3,30,3,'2031','2024-02-27','',3937.5000,3937.5000,0.0000),
(44,'2024-02-27',3,1,3,30,3,'2031','2024-02-27','',8662.5000,8662.5000,0.0000),
(45,'2024-03-13',3,1,3,29,3,'Voucher no: 2032','2024-03-26','',231000.0000,231000.0000,0.0000),
(46,'2024-03-18',3,1,3,28,3,'Voucher no: 2033','2024-03-26','',3412.5000,3412.5000,0.0000),
(47,'2024-04-30',3,1,3,2,1,'VOUCHER NO 2035',NULL,'300 ARBAZ',3937.5000,3937.5000,0.0000),
(48,'2024-04-30',3,1,3,30,3,'VOUCHER NO 2034','2024-04-30','',3937.5000,3937.5000,0.0000),
(49,'2024-05-14',3,1,3,29,13,'TRANS REF 160598826','2024-05-14','SIMPLE RAK TO LEON RAK. (INVOICE.106)121,800.50%    AND (INVOICE 111)13,781.25  .100%,  RECEIPT IN RAJESH WHATSUP',243600.0000,121800.0000,121800.0000),
(50,'2024-05-14',3,1,3,29,13,'TRANS REF NO 160598826','2024-05-14','SIMPLE RAK TO LEON RAK. (INVOICE.106)121,800.50%    AND (INVOICE 111)13,781.25  .100%,  RECEIPT IN RAJESH WHATSUP',13781.2500,13781.2500,0.0000),
(51,'2024-05-17',3,1,3,31,3,'VOUCHER NO 2036','2024-05-17','COLLECTED FROM VISION TOWER',3937.5000,3937.5000,0.0000),
(52,'2024-05-23',3,1,3,45,3,'vouched no 2037','2024-05-23','',16537.5000,16537.5000,0.0000),
(53,'2024-06-10',3,1,3,28,3,'CHEQUE-112037,VOUCHER NO 2052','2024-06-10','',3412.5000,3412.5000,0.0000),
(54,'2024-06-10',3,1,3,28,3,'CHEQUE-112037,VOUCHER NO 2052','2024-06-10','',6825.0000,6825.0000,0.0000),
(55,'2024-06-10',3,1,3,46,3,'CHEQUE NO 005202.  VOUCHER NO 2051','2024-06-10','',10395.0000,6000.0000,4395.0000),
(56,'2024-06-11',3,1,7,29,4,'Ref no 161629966','2024-06-11','',121800.0000,121800.0000,0.0000),
(57,'2024-06-15',3,1,3,29,4,'REF NO.161629966','2024-06-11','TRANS RECEIPT SENT TO WHATSUP BY RAJESH ON 11 06 24',121800.0000,121800.0000,0.0000),
(58,'2024-06-24',3,1,3,30,3,'VOUCHER NO 2039','2024-06-24','',3937.5000,3937.5000,0.0000),
(59,'2024-06-24',3,1,3,45,3,'VOUCHER NO 2038','2024-06-24','',18742.5000,18742.5000,0.0000),
(60,'2024-07-02',3,1,3,47,3,'VOUCHER NO 2040','2024-07-02','',2625.0000,2625.0000,0.0000),
(61,'2024-07-02',3,1,3,46,3,'VOUCHER NO 2053','2024-07-02','',4395.0000,4395.0000,0.0000),
(62,'2024-07-22',3,1,3,28,3,'VOUCHER NO 2041','2024-07-04','',3412.5000,3412.5000,0.0000),
(63,'2024-07-22',3,1,3,38,3,'VOUCHER NO 2042','2024-07-19','',9922.5000,9922.5000,0.0000),
(64,'2024-07-22',3,1,3,46,3,'2053','2024-06-25','CHEQUE RECIVED 11000. OLD JOB  ADJUSTED 4395.NEW JOB 6605 TOTAL 11000',16726.5000,6605.0000,10121.5000),
(65,'2024-07-22',3,1,3,46,3,'2043','2024-07-20','',10121.5000,10121.5000,0.0000),
(66,'2024-08-29',3,1,3,50,3,'2044','2024-08-21','',3000.0000,3000.0000,0.0000),
(67,'2024-08-29',3,1,3,48,3,'2045','2024-08-21','',8190.0000,8190.0000,0.0000),
(68,'2024-08-29',3,1,3,47,3,'2046','2024-08-22','',2625.0000,2625.0000,0.0000),
(69,'2024-08-29',3,1,3,38,3,'2047','2024-08-28','',11340.0000,11340.0000,0.0000),
(70,'2024-08-29',3,1,3,30,4,'BANK TRANSFER','2024-08-28','',3937.5000,3937.5000,0.0000),
(71,'2024-08-29',3,1,3,30,4,'BANK TRANSFER','2024-08-28','',4237.5000,4237.5000,0.0000),
(72,'2024-09-02',3,1,3,45,3,'2054','2024-08-31','',13387.5000,13387.5000,0.0000),
(73,'2024-09-10',3,1,3,45,3,'VOUCHER NO 2048','2024-09-10','',13387.5000,13387.5000,0.0000);

/*Table structure for table `my_status` */

DROP TABLE IF EXISTS `my_status`;

CREATE TABLE `my_status` (
  `doc_no` mediumint(8) NOT NULL,
  `process` varchar(30) DEFAULT NULL,
  `status` tinyint(3) DEFAULT '3',
  `processstatus` tinyint(3) DEFAULT '0',
  PRIMARY KEY (`doc_no`)
) ENGINE=InnoDB DEFAULT CHARSET=latin1;

/*Data for the table `my_status` */

insert  into `my_status`(`doc_no`,`process`,`status`,`processstatus`) values 
(1,'Enquiry',3,1),
(2,'Quotation',3,2),
(3,'Lost',3,-2),
(4,'Job Order',3,3),
(5,'Invoiced',3,4),
(6,'Job Complete',3,5),
(7,'Payment Recieved',3,6),
(8,'Inv.Partial',3,7),
(9,'Pyt.Partial',3,8);

/*Table structure for table `my_subactype` */

DROP TABLE IF EXISTS `my_subactype`;

CREATE TABLE `my_subactype` (
  `doc_no` mediumint(8) NOT NULL,
  `typename` varchar(255) DEFAULT NULL,
  `userid` mediumint(8) DEFAULT NULL,
  `brhid` mediumint(8) DEFAULT NULL,
  `status` int(11) NOT NULL,
  `date` date DEFAULT NULL,
  `voc_no` mediumint(8) DEFAULT NULL,
  PRIMARY KEY (`doc_no`)
) ENGINE=InnoDB DEFAULT CHARSET=latin1;

/*Data for the table `my_subactype` */

/*Table structure for table `my_trno` */

DROP TABLE IF EXISTS `my_trno`;

CREATE TABLE `my_trno` (
  `trno` mediumint(8) NOT NULL AUTO_INCREMENT,
  `trtype` varchar(255) DEFAULT NULL,
  `edate` datetime DEFAULT CURRENT_TIMESTAMP,
  PRIMARY KEY (`trno`)
) ENGINE=InnoDB AUTO_INCREMENT=3 DEFAULT CHARSET=latin1;

/*Data for the table `my_trno` */

insert  into `my_trno`(`trno`,`trtype`,`edate`) values 
(1,'INV','2024-11-18 22:12:55'),
(2,'INV','2024-11-20 00:23:54');

/*Table structure for table `my_unitm` */

DROP TABLE IF EXISTS `my_unitm`;

CREATE TABLE `my_unitm` (
  `doc_no` mediumint(8) NOT NULL,
  `code` varchar(15) DEFAULT NULL,
  `name` varchar(15) DEFAULT NULL,
  `status` tinyint(3) DEFAULT NULL,
  `date` date DEFAULT NULL,
  PRIMARY KEY (`doc_no`)
) ENGINE=InnoDB DEFAULT CHARSET=latin1;

/*Data for the table `my_unitm` */

insert  into `my_unitm`(`doc_no`,`code`,`name`,`status`,`date`) values 
(1,'M2','Metre Square',3,'2023-07-16'),
(2,'LM','Linear Metre',3,'2023-07-16'),
(3,'NOS','Numbers',3,'2023-09-16'),
(4,'LS','Lumsum',3,'2023-09-16'),
(5,'MTS','Metre',3,'2023-09-16'),
(6,'GAL','Gallon',3,'2023-09-16'),
(7,'LTR','Litre',3,'2023-09-16'),
(8,'KG','Kilo Gram',3,'2023-09-16');

/*Table structure for table `my_user` */

DROP TABLE IF EXISTS `my_user`;

CREATE TABLE `my_user` (
  `userid` int(11) NOT NULL,
  `date` date DEFAULT NULL,
  `doc_no` int(11) NOT NULL AUTO_INCREMENT,
  `roleid` int(11) NOT NULL,
  `status` int(11) NOT NULL,
  `email` varchar(255) DEFAULT NULL,
  `mobile` varchar(255) DEFAULT NULL,
  `password` varchar(255) DEFAULT NULL,
  `fullname` varchar(255) DEFAULT NULL,
  `username` varchar(255) DEFAULT NULL,
  `brhid` int(11) DEFAULT NULL,
  `voc_no` int(11) DEFAULT NULL,
  PRIMARY KEY (`doc_no`)
) ENGINE=InnoDB AUTO_INCREMENT=2 DEFAULT CHARSET=latin1;

/*Data for the table `my_user` */

insert  into `my_user`(`userid`,`date`,`doc_no`,`roleid`,`status`,`email`,`mobile`,`password`,`fullname`,`username`,`brhid`,`voc_no`) values 
(1,'2024-09-22',1,1,3,'admin@salon.com','9885052145','$2a$10$Uiirt2oGwW0ZfxaWla2SE.U9VNlCkBDB6My0QTFWNRk98a3apavMK','Sys.Admin','admin',1,1);

/*Table structure for table `my_userlevel` */

DROP TABLE IF EXISTS `my_userlevel`;

CREATE TABLE `my_userlevel` (
  `doc_no` mediumint(8) NOT NULL,
  `userlevel` varchar(255) DEFAULT NULL,
  `status` int(11) NOT NULL,
  PRIMARY KEY (`doc_no`)
) ENGINE=InnoDB DEFAULT CHARSET=latin1;

/*Data for the table `my_userlevel` */

insert  into `my_userlevel`(`doc_no`,`userlevel`,`status`) values 
(1,'First Level',3),
(2,'Second Level',3),
(3,'Third Level',3),
(4,'Fourth Level',3),
(5,'Accounts',3);

/*Table structure for table `my_userroled` */

DROP TABLE IF EXISTS `my_userroled`;

CREATE TABLE `my_userroled` (
  `doc_no` mediumint(8) NOT NULL AUTO_INCREMENT,
  `rdocno` mediumint(8) DEFAULT NULL,
  `mno` mediumint(8) DEFAULT NULL,
  `permission` tinyint(3) DEFAULT NULL,
  `add1` tinyint(3) DEFAULT NULL,
  `edit` tinyint(3) DEFAULT NULL,
  `search` tinyint(3) DEFAULT NULL,
  `delete1` tinyint(3) DEFAULT NULL,
  `print` tinyint(3) DEFAULT NULL,
  `attach` tinyint(3) DEFAULT NULL,
  `export` tinyint(3) DEFAULT NULL,
  `status` tinyint(3) DEFAULT '3',
  PRIMARY KEY (`doc_no`)
) ENGINE=InnoDB AUTO_INCREMENT=264 DEFAULT CHARSET=latin1;

/*Data for the table `my_userroled` */

insert  into `my_userroled`(`doc_no`,`rdocno`,`mno`,`permission`,`add1`,`edit`,`search`,`delete1`,`print`,`attach`,`export`,`status`) values 
(134,1,100101,1,1,1,1,1,1,1,1,3),
(135,1,100102,1,1,1,1,1,1,1,1,3),
(136,1,100103,1,1,1,1,1,1,1,1,3),
(137,1,100104,1,1,1,1,1,1,1,1,3),
(138,1,100105,1,1,1,1,1,1,1,1,3),
(139,1,100201,1,1,1,1,1,1,1,1,3),
(140,1,100202,1,1,1,1,1,1,1,1,3),
(141,1,100203,1,1,1,1,1,1,1,1,3),
(142,1,100204,1,1,1,1,1,1,1,1,3),
(143,1,100205,1,1,1,1,1,1,1,1,3),
(144,1,100301,1,1,1,1,1,1,1,1,3),
(145,1,100302,1,1,1,1,1,1,1,1,3),
(146,1,100100,1,0,0,0,0,0,0,0,3),
(147,1,100200,1,0,0,0,0,0,0,0,3),
(148,1,100300,1,0,0,0,0,0,0,0,3),
(149,1,100303,1,1,1,1,1,1,1,1,3),
(150,1,100304,1,1,1,1,1,1,1,1,3),
(151,1,100106,1,0,0,0,0,0,0,0,3),
(152,1,100107,1,1,1,1,1,1,1,1,3),
(153,1,100206,1,1,1,1,1,1,1,1,3),
(196,2,100100,1,0,0,0,0,0,0,0,3),
(197,2,100101,0,0,0,0,0,0,0,0,3),
(198,2,100102,0,0,0,0,0,0,0,0,3),
(199,2,100103,0,0,0,0,0,0,0,0,3),
(200,2,100104,0,0,0,0,0,0,0,0,3),
(201,2,100105,1,1,1,1,0,1,1,1,3),
(202,2,100106,1,1,1,1,0,0,0,0,3),
(203,2,100107,0,0,0,0,0,0,0,0,3),
(204,2,100200,0,0,0,0,0,0,0,0,3),
(205,2,100201,0,0,0,0,0,0,0,0,3),
(206,2,100202,0,0,0,0,0,0,0,0,3),
(207,2,100203,0,0,0,0,0,0,0,0,3),
(208,2,100204,0,0,0,0,0,0,0,0,3),
(209,2,100205,0,0,0,0,0,0,0,0,3),
(210,2,100206,0,0,0,0,0,0,0,0,3),
(211,2,100300,0,0,0,0,0,0,0,0,3),
(212,2,100301,0,0,0,0,0,0,0,0,3),
(213,2,100302,0,0,0,0,0,0,0,0,3),
(214,2,100303,0,0,0,0,0,0,0,0,3),
(215,2,100304,0,0,0,0,0,0,0,0,3),
(216,2,100400,0,0,0,0,0,0,0,0,3),
(262,1,100400,1,1,1,1,1,1,1,1,3),
(263,1,100305,1,1,1,1,1,1,1,1,3);

/*Table structure for table `my_userrolem` */

DROP TABLE IF EXISTS `my_userrolem`;

CREATE TABLE `my_userrolem` (
  `doc_no` mediumint(8) NOT NULL,
  `userlevel` mediumint(8) DEFAULT NULL,
  `date` date DEFAULT NULL,
  `status` tinyint(3) DEFAULT '3',
  `userid` mediumint(8) DEFAULT NULL,
  PRIMARY KEY (`doc_no`)
) ENGINE=InnoDB DEFAULT CHARSET=latin1;

/*Data for the table `my_userrolem` */

insert  into `my_userrolem`(`doc_no`,`userlevel`,`date`,`status`,`userid`) values 
(1,1,'2023-01-01',3,1),
(2,5,'2024-05-06',3,1);

/*Table structure for table `my_vendor` */

DROP TABLE IF EXISTS `my_vendor`;

CREATE TABLE `my_vendor` (
  `doc_no` mediumint(8) NOT NULL AUTO_INCREMENT,
  `refname` varchar(255) DEFAULT NULL,
  `status` int(11) NOT NULL,
  `trn` varchar(45) DEFAULT '',
  `acno` int(11) NOT NULL,
  `brhid` int(11) NOT NULL,
  `date` date DEFAULT NULL,
  `email` varchar(255) DEFAULT NULL,
  `mobile` varchar(255) DEFAULT NULL,
  `userid` int(11) NOT NULL,
  `voc_no` int(11) DEFAULT NULL,
  PRIMARY KEY (`doc_no`)
) ENGINE=InnoDB AUTO_INCREMENT=4 DEFAULT CHARSET=latin1;

/*Data for the table `my_vendor` */

insert  into `my_vendor`(`doc_no`,`refname`,`status`,`trn`,`acno`,`brhid`,`date`,`email`,`mobile`,`userid`,`voc_no`) values 
(1,'X Furnitures',3,'',10,1,'2024-10-31','furnitures@gmail.com','8959635241',1,1),
(2,'Building Owner',3,'',12,1,'2024-10-31','buildingowner@gmail.com','9895098950',1,2),
(3,'Shampoo Dealer',3,'',14,1,'2024-10-31','shdealer@gmail.com','9895098950',1,3);

/*!40101 SET SQL_MODE=@OLD_SQL_MODE */;
/*!40014 SET FOREIGN_KEY_CHECKS=@OLD_FOREIGN_KEY_CHECKS */;
/*!40014 SET UNIQUE_CHECKS=@OLD_UNIQUE_CHECKS */;
/*!40111 SET SQL_NOTES=@OLD_SQL_NOTES */;
